,ID_MUNICIP,CASOS,VAC,N_VAC,I_VAC,SG_UF_NOT
0,110004,1,1.0,0.0,0.0,11
1,110012,1,0.0,1.0,0.0,11
2,110020,3,0.0,2.0,1.0,11
3,110030,7,1.0,5.0,1.0,11
4,110146,4,4.0,0.0,0.0,11
5,130008,7,4.0,3.0,0.0,13
6,130010,1,0.0,1.0,0.0,13
7,130020,3,3.0,0.0,0.0,13
8,130030,25,6.0,15.0,4.0,13
9,130040,2,1.0,1.0,0.0,13
10,130063,12,1.0,10.0,1.0,13
11,130080,1,0.0,1.0,0.0,13
12,130083,4,2.0,2.0,0.0,13
13,130100,1,0.0,1.0,0.0,13
14,130110,10,3.0,2.0,5.0,13
15,130115,5,2.0,2.0,1.0,13
16,130120,103,19.0,83.0,1.0,13
17,130130,14,4.0,10.0,0.0,13
18,130160,1,1.0,0.0,0.0,13
19,130185,17,1.0,15.0,1.0,13
20,130190,140,32.0,103.0,5.0,13
21,130200,1,0.0,1.0,0.0,13
22,130220,57,16.0,40.0,1.0,13
23,130230,2,1.0,1.0,0.0,13
24,130240,6,2.0,3.0,1.0,13
25,130250,893,230.0,663.0,0.0,13
26,130255,7,1.0,4.0,2.0,13
27,130260,7305,1495.0,5359.0,451.0,13
28,130270,1,1.0,0.0,0.0,13
29,130290,29,7.0,22.0,0.0,13
30,130300,6,3.0,3.0,0.0,13
31,130310,4,1.0,2.0,1.0,13
32,130320,26,2.0,23.0,1.0,13
33,130330,3,1.0,2.0,0.0,13
34,130340,17,3.0,14.0,0.0,13
35,130353,19,7.0,12.0,0.0,13
36,130356,26,5.0,13.0,8.0,13
37,130380,1,1.0,0.0,0.0,13
38,130406,1,1.0,0.0,0.0,13
39,130410,5,3.0,2.0,0.0,13
40,130420,37,10.0,19.0,8.0,13
41,130423,3,2.0,0.0,1.0,13
42,130430,1,0.0,1.0,0.0,13
43,140002,93,48.0,44.0,1.0,14
44,140010,196,82.0,103.0,11.0,14
45,140017,3,1.0,2.0,0.0,14
46,140020,1,0.0,1.0,0.0,14
47,140030,1,0.0,1.0,0.0,14
48,140045,58,15.0,34.0,9.0,14
49,140047,13,3.0,3.0,7.0,14
50,140050,2,0.0,2.0,0.0,14
51,150010,200,21.0,164.0,15.0,15
52,150020,32,5.0,25.0,2.0,15
53,150030,135,8.0,120.0,7.0,15
54,150040,1,0.0,1.0,0.0,15
55,150070,3,0.0,1.0,2.0,15
56,150080,992,175.0,539.0,278.0,15
57,150090,96,3.0,64.0,29.0,15
58,150095,1,0.0,1.0,0.0,15
59,150110,79,7.0,70.0,2.0,15
60,150130,65,5.0,24.0,36.0,15
61,150140,1546,138.0,1328.0,80.0,15
62,150150,54,10.0,30.0,14.0,15
63,150160,1,0.0,1.0,0.0,15
64,150170,54,7.0,31.0,16.0,15
65,150175,1,0.0,1.0,0.0,15
66,150180,198,18.0,154.0,26.0,15
67,150200,6,0.0,2.0,4.0,15
68,150210,135,9.0,85.0,41.0,15
69,150215,4,1.0,2.0,1.0,15
70,150220,16,4.0,8.0,4.0,15
71,150230,2,0.0,2.0,0.0,15
72,150240,77,15.0,35.0,27.0,15
73,150250,9,1.0,8.0,0.0,15
74,150275,9,2.0,6.0,1.0,15
75,150280,1,0.0,1.0,0.0,15
76,150285,8,1.0,2.0,5.0,15
77,150290,37,9.0,22.0,6.0,15
78,150300,1,1.0,0.0,0.0,15
79,150304,1,1.0,0.0,0.0,15
80,150307,3,1.0,2.0,0.0,15
81,150309,3,0.0,2.0,1.0,15
82,150320,18,1.0,14.0,3.0,15
83,150330,120,7.0,79.0,34.0,15
84,150340,5,1.0,2.0,2.0,15
85,150345,2,0.0,0.0,2.0,15
86,150350,4,2.0,1.0,1.0,15
87,150360,4,1.0,2.0,1.0,15
88,150370,1,0.0,1.0,0.0,15
89,150375,3,0.0,3.0,0.0,15
90,150390,7,1.0,5.0,1.0,15
91,150400,34,5.0,21.0,8.0,15
92,150405,76,17.0,34.0,25.0,15
93,150420,160,19.0,139.0,2.0,15
94,150430,1,1.0,0.0,0.0,15
95,150442,166,25.0,59.0,82.0,15
96,150450,34,4.0,22.0,8.0,15
97,150460,32,4.0,24.0,4.0,15
98,150470,137,44.0,76.0,17.0,15
99,150480,25,8.0,11.0,6.0,15
100,150490,19,2.0,17.0,0.0,15
101,150495,1,0.0,1.0,0.0,15
102,150506,36,0.0,35.0,1.0,15
103,150520,10,1.0,5.0,4.0,15
104,150548,1,1.0,0.0,0.0,15
105,150550,52,7.0,37.0,8.0,15
106,150553,80,7.0,52.0,21.0,15
107,150570,12,0.0,12.0,0.0,15
108,150580,127,0.0,127.0,0.0,15
109,150590,2,1.0,1.0,0.0,15
110,150600,40,10.0,24.0,6.0,15
111,150610,2,1.0,1.0,0.0,15
112,150613,1,0.0,1.0,0.0,15
113,150620,54,6.0,36.0,12.0,15
114,150630,1,0.0,1.0,0.0,15
115,150635,14,4.0,6.0,4.0,15
116,150640,30,2.0,13.0,15.0,15
117,150650,19,3.0,14.0,2.0,15
118,150660,4,0.0,3.0,1.0,15
119,150680,47,5.0,24.0,18.0,15
120,150700,3,0.0,2.0,1.0,15
121,150715,2,1.0,1.0,0.0,15
122,150720,37,12.0,23.0,2.0,15
123,150747,9,3.0,1.0,5.0,15
124,150750,1,0.0,1.0,0.0,15
125,150760,10,2.0,8.0,0.0,15
126,150770,30,4.0,25.0,1.0,15
127,150780,19,1.0,6.0,12.0,15
128,150790,8,2.0,4.0,2.0,15
129,150795,88,10.0,75.0,3.0,15
130,150796,1,0.0,0.0,1.0,15
131,150797,1,0.0,0.0,1.0,15
132,150800,5,2.0,0.0,3.0,15
133,150803,20,4.0,14.0,2.0,15
134,150810,6,1.0,5.0,0.0,15
135,150812,3,0.0,3.0,0.0,15
136,150820,5,1.0,3.0,1.0,15
137,150830,58,16.0,25.0,17.0,15
138,160015,2,1.0,1.0,0.0,16
139,160021,2,1.0,1.0,0.0,16
140,160023,2,0.0,2.0,0.0,16
141,160025,1,0.0,1.0,0.0,16
142,160030,642,75.0,482.0,85.0,16
143,160040,13,5.0,7.0,1.0,16
144,160050,18,7.0,11.0,0.0,16
145,160053,4,1.0,2.0,1.0,16
146,160060,217,12.0,146.0,59.0,16
147,160070,4,1.0,1.0,2.0,16
148,160080,1,0.0,0.0,1.0,16
149,170210,1,0.0,0.0,1.0,17
150,171820,2,0.0,2.0,0.0,17
151,210203,1,0.0,1.0,0.0,21
152,210290,19,3.0,12.0,4.0,21
153,210300,1,0.0,1.0,0.0,21
154,210330,1,0.0,0.0,1.0,21
155,210570,1,0.0,1.0,0.0,21
156,210600,1,0.0,1.0,0.0,21
157,210820,1,0.0,1.0,0.0,21
158,211130,4,3.0,1.0,0.0,21
159,211300,1,0.0,0.0,1.0,21
160,220110,1,1.0,0.0,0.0,22
161,220213,1,0.0,1.0,0.0,22
162,220557,3,1.0,0.0,2.0,22
163,220600,1,1.0,0.0,0.0,22
164,220635,1,1.0,0.0,0.0,22
165,220770,1,1.0,0.0,0.0,22
166,220800,2,1.0,1.0,0.0,22
167,220840,2,0.0,2.0,0.0,22
168,220995,1,1.0,0.0,0.0,22
169,221100,5,0.0,3.0,2.0,22
170,230015,1,1.0,0.0,0.0,23
171,230075,1,1.0,0.0,0.0,23
172,230100,1,0.0,1.0,0.0,23
173,230110,2,2.0,0.0,0.0,23
174,230140,1,1.0,0.0,0.0,23
175,230195,1,1.0,0.0,0.0,23
176,230220,1,1.0,0.0,0.0,23
177,230260,1,0.0,1.0,0.0,23
178,230310,6,3.0,3.0,0.0,23
179,230370,89,14.0,59.0,16.0,23
180,230400,6,2.0,3.0,1.0,23
181,230420,1,0.0,0.0,1.0,23
182,230428,3,1.0,2.0,0.0,23
183,230430,1,1.0,0.0,0.0,23
184,230435,17,3.0,4.0,10.0,23
185,230440,536,107.0,254.0,175.0,23
186,230450,1,0.0,1.0,0.0,23
187,230470,1,1.0,0.0,0.0,23
188,230495,1,0.0,1.0,0.0,23
189,230523,1,0.0,1.0,0.0,23
190,230540,1,0.0,1.0,0.0,23
191,230625,3,3.0,0.0,0.0,23
192,230640,1,0.0,1.0,0.0,23
193,230690,2,1.0,1.0,0.0,23
194,230750,2,2.0,0.0,0.0,23
195,230765,13,4.0,9.0,0.0,23
196,230770,8,5.0,3.0,0.0,23
197,230790,5,3.0,2.0,0.0,23
198,230800,131,35.0,72.0,24.0,23
199,230820,5,3.0,2.0,0.0,23
200,230880,1,0.0,1.0,0.0,23
201,230900,2,0.0,2.0,0.0,23
202,230960,1,0.0,1.0,0.0,23
203,231020,5,2.0,3.0,0.0,23
204,231070,1,0.0,1.0,0.0,23
205,231085,1,0.0,0.0,1.0,23
206,231170,1,1.0,0.0,0.0,23
207,231200,5,2.0,2.0,1.0,23
208,231280,4,2.0,2.0,0.0,23
209,231290,91,20.0,30.0,41.0,23
210,231350,7,2.0,0.0,5.0,23
211,231355,3,3.0,0.0,0.0,23
212,231380,59,10.0,29.0,20.0,23
213,231390,1,1.0,0.0,0.0,23
214,231395,1,1.0,0.0,0.0,23
215,240325,1,1.0,0.0,0.0,24
216,240710,1,1.0,0.0,0.0,24
217,240810,7,5.0,1.0,1.0,24
218,240940,1,0.0,0.0,1.0,24
219,241445,2,0.0,1.0,1.0,24
220,250150,1,1.0,0.0,0.0,25
221,250170,3,1.0,1.0,1.0,25
222,250180,5,4.0,1.0,0.0,25
223,250250,1,1.0,0.0,0.0,25
224,250300,2,0.0,2.0,0.0,25
225,250320,2,1.0,1.0,0.0,25
226,250400,6,2.0,4.0,0.0,25
227,250460,1,0.0,1.0,0.0,25
228,250570,1,1.0,0.0,0.0,25
229,250580,1,1.0,0.0,0.0,25
230,250600,1,0.0,1.0,0.0,25
231,250630,1,0.0,1.0,0.0,25
232,250690,1,0.0,0.0,1.0,25
233,250750,87,31.0,51.0,5.0,25
234,250870,1,1.0,0.0,0.0,25
235,250890,1,1.0,0.0,0.0,25
236,251080,1,0.0,1.0,0.0,25
237,251140,1,1.0,0.0,0.0,25
238,251315,2,0.0,0.0,2.0,25
239,251370,3,3.0,0.0,0.0,25
240,251530,1,1.0,0.0,0.0,25
241,251600,1,0.0,1.0,0.0,25
242,251620,11,4.0,6.0,1.0,25
243,251630,1,0.0,1.0,0.0,25
244,260005,8,0.0,7.0,1.0,26
245,260010,1,0.0,1.0,0.0,26
246,260050,2,0.0,2.0,0.0,26
247,260120,3,2.0,1.0,0.0,26
248,260170,1,0.0,0.0,1.0,26
249,260190,2,2.0,0.0,0.0,26
250,260230,1,1.0,0.0,0.0,26
251,260260,10,1.0,5.0,4.0,26
252,260290,30,6.0,21.0,3.0,26
253,260300,1,1.0,0.0,0.0,26
254,260340,1,1.0,0.0,0.0,26
255,260345,5,4.0,0.0,1.0,26
256,260380,3,2.0,0.0,1.0,26
257,260400,4,1.0,2.0,1.0,26
258,260410,28,7.0,14.0,7.0,26
259,260450,1,0.0,1.0,0.0,26
260,260460,3,1.0,2.0,0.0,26
261,260500,2,1.0,1.0,0.0,26
262,260510,4,1.0,3.0,0.0,26
263,260520,6,0.0,6.0,0.0,26
264,260580,1,0.0,0.0,1.0,26
265,260590,1,0.0,1.0,0.0,26
266,260610,2,1.0,1.0,0.0,26
267,260620,29,5.0,21.0,3.0,26
268,260640,2,0.0,0.0,2.0,26
269,260660,7,7.0,0.0,0.0,26
270,260680,6,0.0,3.0,3.0,26
271,260720,4,1.0,3.0,0.0,26
272,260750,1,1.0,0.0,0.0,26
273,260790,20,5.0,9.0,6.0,26
274,260800,2,1.0,0.0,1.0,26
275,260845,5,1.0,2.0,2.0,26
276,260850,1,1.0,0.0,0.0,26
277,260880,9,3.0,6.0,0.0,26
278,260890,3,1.0,1.0,1.0,26
279,260950,1,0.0,1.0,0.0,26
280,260960,12,6.0,6.0,0.0,26
281,260990,1,1.0,0.0,0.0,26
282,261000,1,1.0,0.0,0.0,26
283,261070,18,7.0,8.0,3.0,26
284,261090,3,2.0,0.0,1.0,26
285,261110,3,2.0,1.0,0.0,26
286,261160,213,69.0,115.0,29.0,26
287,261170,2,1.0,1.0,0.0,26
288,261250,66,11.0,48.0,7.0,26
289,261270,2,1.0,1.0,0.0,26
290,261300,1,1.0,0.0,0.0,26
291,261310,1,1.0,0.0,0.0,26
292,261370,1,0.0,1.0,0.0,26
293,261410,3,0.0,2.0,1.0,26
294,261420,2,1.0,1.0,0.0,26
295,261450,2,2.0,0.0,0.0,26
296,261470,1,0.0,0.0,1.0,26
297,261500,38,8.0,22.0,8.0,26
298,261520,1,1.0,0.0,0.0,26
299,261530,1,1.0,0.0,0.0,26
300,261540,25,3.0,2.0,20.0,26
301,261550,1,1.0,0.0,0.0,26
302,261620,15,8.0,4.0,3.0,26
303,261640,14,3.0,10.0,1.0,26
304,270030,2,0.0,2.0,0.0,27
305,270170,10,8.0,2.0,0.0,27
306,270180,1,1.0,0.0,0.0,27
307,270430,19,11.0,1.0,7.0,27
308,270440,1,1.0,0.0,0.0,27
309,270450,1,0.0,1.0,0.0,27
310,270500,7,3.0,4.0,0.0,27
311,270630,1,0.0,0.0,1.0,27
312,270640,1,0.0,1.0,0.0,27
313,270710,1,1.0,0.0,0.0,27
314,270800,6,2.0,0.0,4.0,27
315,270840,1,0.0,1.0,0.0,27
316,280030,5,3.0,2.0,0.0,28
317,280210,2,1.0,0.0,1.0,28
318,280580,1,1.0,0.0,0.0,28
319,280710,7,1.0,5.0,1.0,28
320,290080,1,0.0,0.0,1.0,29
321,290135,2,0.0,2.0,0.0,29
322,290210,1,1.0,0.0,0.0,29
323,290350,1,0.0,1.0,0.0,29
324,290360,1,0.0,0.0,1.0,29
325,290520,2,0.0,0.0,2.0,29
326,290540,2,1.0,0.0,1.0,29
327,290560,2,0.0,2.0,0.0,29
328,290570,1,0.0,1.0,0.0,29
329,290650,2,2.0,0.0,0.0,29
330,290820,2,2.0,0.0,0.0,29
331,290840,2,1.0,0.0,1.0,29
332,291080,15,7.0,2.0,6.0,29
333,291120,5,2.0,3.0,0.0,29
334,291185,1,1.0,0.0,0.0,29
335,291360,4,3.0,0.0,1.0,29
336,291390,1,1.0,0.0,0.0,29
337,291450,1,1.0,0.0,0.0,29
338,291480,2,1.0,0.0,1.0,29
339,291650,1,1.0,0.0,0.0,29
340,291730,3,0.0,3.0,0.0,29
341,291750,1,1.0,0.0,0.0,29
342,291840,1,1.0,0.0,0.0,29
343,291920,1,0.0,0.0,1.0,29
344,291955,2,1.0,1.0,0.0,29
345,292200,1,1.0,0.0,0.0,29
346,292350,1,0.0,1.0,0.0,29
347,292380,1,0.0,1.0,0.0,29
348,292530,4,3.0,1.0,0.0,29
349,292560,1,0.0,1.0,0.0,29
350,292575,4,2.0,1.0,1.0,29
351,292590,2,2.0,0.0,0.0,29
352,292660,2,1.0,1.0,0.0,29
353,292740,14,5.0,3.0,6.0,29
354,292860,1,1.0,0.0,0.0,29
355,292870,1,0.0,1.0,0.0,29
356,293050,1,1.0,0.0,0.0,29
357,293080,1,0.0,1.0,0.0,29
358,310150,1,1.0,0.0,0.0,31
359,310350,2,2.0,0.0,0.0,31
360,310530,1,1.0,0.0,0.0,31
361,310620,72,41.0,22.0,9.0,31
362,310670,3,2.0,1.0,0.0,31
363,310730,1,1.0,0.0,0.0,31
364,310830,1,1.0,0.0,0.0,31
365,310950,1,0.0,1.0,0.0,31
366,311050,1,0.0,1.0,0.0,31
367,311450,1,1.0,0.0,0.0,31
368,311580,1,1.0,0.0,0.0,31
369,311660,2,0.0,0.0,2.0,31
370,311700,1,1.0,0.0,0.0,31
371,311830,1,0.0,0.0,1.0,31
372,312230,1,1.0,0.0,0.0,31
373,312595,1,1.0,0.0,0.0,31
374,312710,1,0.0,1.0,0.0,31
375,312860,1,1.0,0.0,0.0,31
376,313130,1,1.0,0.0,0.0,31
377,313160,1,0.0,1.0,0.0,31
378,313300,1,1.0,0.0,0.0,31
379,313380,1,1.0,0.0,0.0,31
380,313440,1,1.0,0.0,0.0,31
381,313670,9,5.0,4.0,0.0,31
382,313820,1,0.0,1.0,0.0,31
383,313860,1,1.0,0.0,0.0,31
384,314000,1,1.0,0.0,0.0,31
385,314160,3,0.0,3.0,0.0,31
386,314220,1,1.0,0.0,0.0,31
387,314300,1,1.0,0.0,0.0,31
388,314330,1,0.0,1.0,0.0,31
389,314390,1,1.0,0.0,0.0,31
390,314480,8,8.0,0.0,0.0,31
391,314500,1,1.0,0.0,0.0,31
392,314520,2,2.0,0.0,0.0,31
393,314535,1,1.0,0.0,0.0,31
394,314590,1,1.0,0.0,0.0,31
395,314690,1,1.0,0.0,0.0,31
396,314760,2,2.0,0.0,0.0,31
397,314790,1,1.0,0.0,0.0,31
398,314910,1,1.0,0.0,0.0,31
399,314930,1,1.0,0.0,0.0,31
400,315170,2,1.0,1.0,0.0,31
401,315180,2,2.0,0.0,0.0,31
402,315250,6,3.0,2.0,1.0,31
403,315460,2,2.0,0.0,0.0,31
404,315480,1,1.0,0.0,0.0,31
405,315580,1,0.0,1.0,0.0,31
406,315600,1,1.0,0.0,0.0,31
407,315727,1,1.0,0.0,0.0,31
408,315780,1,0.0,1.0,0.0,31
409,315990,1,1.0,0.0,0.0,31
410,316370,1,1.0,0.0,0.0,31
411,316470,1,1.0,0.0,0.0,31
412,316720,1,0.0,1.0,0.0,31
413,316910,1,1.0,0.0,0.0,31
414,316940,1,1.0,0.0,0.0,31
415,316990,2,2.0,0.0,0.0,31
416,317020,26,19.0,7.0,0.0,31
417,317040,1,0.0,0.0,1.0,31
418,317120,1,1.0,0.0,0.0,31
419,317130,1,1.0,0.0,0.0,31
420,317200,1,0.0,1.0,0.0,31
421,320020,1,1.0,0.0,0.0,32
422,320130,2,1.0,1.0,0.0,32
423,320150,1,1.0,0.0,0.0,32
424,320240,1,1.0,0.0,0.0,32
425,320270,2,2.0,0.0,0.0,32
426,320530,2,1.0,0.0,1.0,32
427,330010,2,2.0,0.0,0.0,33
428,330020,1,1.0,0.0,0.0,33
429,330023,1,0.0,1.0,0.0,33
430,330030,1,0.0,0.0,1.0,33
431,330040,1,0.0,1.0,0.0,33
432,330045,37,3.0,26.0,8.0,33
433,330095,1,0.0,0.0,1.0,33
434,330100,1,1.0,0.0,0.0,33
435,330130,1,0.0,0.0,1.0,33
436,330170,381,67.0,218.0,96.0,33
437,330187,1,0.0,1.0,0.0,33
438,330190,8,2.0,6.0,0.0,33
439,330200,3,1.0,0.0,2.0,33
440,330220,2,2.0,0.0,0.0,33
441,330240,10,2.0,3.0,5.0,33
442,330250,35,5.0,19.0,11.0,33
443,330260,1,1.0,0.0,0.0,33
444,330280,1,0.0,0.0,1.0,33
445,330285,6,0.0,4.0,2.0,33
446,330320,23,7.0,11.0,5.0,33
447,330330,111,51.0,30.0,30.0,33
448,330340,37,30.0,5.0,2.0,33
449,330350,114,26.0,43.0,45.0,33
450,330380,14,4.0,7.0,3.0,33
451,330385,2,2.0,0.0,0.0,33
452,330390,15,3.0,7.0,5.0,33
453,330411,1,1.0,0.0,0.0,33
454,330414,23,3.0,16.0,4.0,33
455,330420,1,1.0,0.0,0.0,33
456,330430,8,2.0,3.0,3.0,33
457,330452,3,2.0,1.0,0.0,33
458,330455,791,314.0,266.0,211.0,33
459,330490,22,8.0,9.0,5.0,33
460,330510,49,17.0,29.0,3.0,33
461,330520,2,1.0,1.0,0.0,33
462,330550,1,1.0,0.0,0.0,33
463,330580,29,21.0,4.0,4.0,33
464,330610,25,20.0,1.0,4.0,33
465,330630,3,2.0,1.0,0.0,33
466,350010,2,1.0,1.0,0.0,35
467,350050,1,1.0,0.0,0.0,35
468,350070,2,1.0,1.0,0.0,35
469,350100,3,1.0,2.0,0.0,35
470,350115,1,0.0,1.0,0.0,35
471,350150,3,3.0,0.0,0.0,35
472,350160,11,6.0,3.0,2.0,35
473,350190,5,2.0,2.0,1.0,35
474,350210,4,3.0,1.0,0.0,35
475,350220,7,7.0,0.0,0.0,35
476,350240,2,2.0,0.0,0.0,35
477,350250,2,1.0,1.0,0.0,35
478,350275,7,5.0,2.0,0.0,35
479,350280,16,12.0,4.0,0.0,35
480,350310,1,1.0,0.0,0.0,35
481,350320,1,1.0,0.0,0.0,35
482,350330,17,12.0,4.0,1.0,35
483,350380,4,2.0,0.0,2.0,35
484,350390,72,24.0,13.0,35.0,35
485,350400,2,1.0,0.0,1.0,35
486,350410,59,33.0,10.0,16.0,35
487,350430,1,1.0,0.0,0.0,35
488,350450,1,1.0,0.0,0.0,35
489,350460,6,6.0,0.0,0.0,35
490,350520,2,2.0,0.0,0.0,35
491,350530,1,1.0,0.0,0.0,35
492,350550,9,6.0,3.0,0.0,35
493,350560,2,2.0,0.0,0.0,35
494,350570,517,158.0,286.0,73.0,35
495,350580,1,0.0,1.0,0.0,35
496,350600,93,59.0,19.0,15.0,35
497,350610,4,3.0,0.0,1.0,35
498,350635,42,12.0,17.0,13.0,35
499,350650,4,2.0,2.0,0.0,35
500,350660,1,1.0,0.0,0.0,35
501,350700,2,2.0,0.0,0.0,35
502,350710,4,2.0,2.0,0.0,35
503,350750,2,0.0,2.0,0.0,35
504,350760,36,23.0,8.0,5.0,35
505,350790,1,1.0,0.0,0.0,35
506,350810,2,1.0,1.0,0.0,35
507,350840,2,1.0,1.0,0.0,35
508,350850,32,19.0,9.0,4.0,35
509,350900,203,62.0,88.0,53.0,35
510,350920,24,15.0,9.0,0.0,35
511,350925,5,5.0,0.0,0.0,35
512,350930,1,0.0,1.0,0.0,35
513,350950,238,144.0,84.0,10.0,35
514,350960,28,14.0,7.0,7.0,35
515,350970,3,2.0,1.0,0.0,35
516,351000,7,5.0,2.0,0.0,35
517,351020,2,2.0,0.0,0.0,35
518,351030,8,5.0,3.0,0.0,35
519,351050,13,6.0,5.0,2.0,35
520,351060,108,38.0,53.0,17.0,35
521,351110,9,8.0,1.0,0.0,35
522,351150,5,4.0,1.0,0.0,35
523,351160,3,1.0,1.0,1.0,35
524,351210,1,1.0,0.0,0.0,35
525,351240,1,1.0,0.0,0.0,35
526,351250,3,3.0,0.0,0.0,35
527,351280,3,3.0,0.0,0.0,35
528,351300,147,78.0,29.0,40.0,35
529,351310,4,4.0,0.0,0.0,35
530,351340,17,11.0,6.0,0.0,35
531,351350,28,11.0,9.0,8.0,35
532,351370,1,1.0,0.0,0.0,35
533,351380,126,60.0,40.0,26.0,35
534,351390,9,8.0,1.0,0.0,35
535,351410,2,1.0,1.0,0.0,35
536,351430,1,1.0,0.0,0.0,35
537,351440,3,2.0,1.0,0.0,35
538,351450,2,1.0,1.0,0.0,35
539,351500,56,22.0,29.0,5.0,35
540,351510,23,12.0,9.0,2.0,35
541,351515,2,2.0,0.0,0.0,35
542,351518,1,0.0,1.0,0.0,35
543,351550,100,81.0,18.0,1.0,35
544,351570,40,10.0,8.0,22.0,35
545,351600,1,1.0,0.0,0.0,35
546,351620,25,9.0,11.0,5.0,35
547,351630,444,216.0,191.0,37.0,35
548,351640,404,146.0,250.0,8.0,35
549,351670,6,5.0,1.0,0.0,35
550,351690,1,1.0,0.0,0.0,35
551,351700,1,1.0,0.0,0.0,35
552,351740,3,1.0,2.0,0.0,35
553,351750,1,1.0,0.0,0.0,35
554,351830,36,21.0,12.0,3.0,35
555,351840,5,4.0,0.0,1.0,35
556,351860,6,5.0,0.0,1.0,35
557,351870,52,26.0,13.0,13.0,35
558,351880,828,316.0,342.0,170.0,35
559,351905,1,0.0,1.0,0.0,35
560,351907,19,14.0,4.0,1.0,35
561,351920,1,1.0,0.0,0.0,35
562,351930,4,2.0,2.0,0.0,35
563,351940,1,1.0,0.0,0.0,35
564,351950,2,1.0,1.0,0.0,35
565,351960,4,3.0,1.0,0.0,35
566,351970,1,1.0,0.0,0.0,35
567,352000,3,2.0,1.0,0.0,35
568,352030,1,0.0,0.0,1.0,35
569,352040,7,4.0,3.0,0.0,35
570,352044,2,2.0,0.0,0.0,35
571,352050,40,28.0,11.0,1.0,35
572,352090,1,1.0,0.0,0.0,35
573,352100,3,2.0,0.0,1.0,35
574,352210,14,7.0,4.0,3.0,35
575,352220,80,23.0,26.0,31.0,35
576,352230,23,13.0,4.0,6.0,35
577,352240,2,2.0,0.0,0.0,35
578,352250,72,24.0,44.0,4.0,35
579,352260,4,1.0,1.0,2.0,35
580,352270,2,1.0,1.0,0.0,35
581,352280,1,0.0,1.0,0.0,35
582,352290,2,1.0,1.0,0.0,35
583,352310,185,82.0,89.0,14.0,35
584,352340,9,7.0,1.0,1.0,35
585,352360,1,1.0,0.0,0.0,35
586,352380,1,0.0,1.0,0.0,35
587,352390,45,27.0,14.0,4.0,35
588,352400,4,4.0,0.0,0.0,35
589,352420,2,2.0,0.0,0.0,35
590,352430,7,7.0,0.0,0.0,35
591,352440,13,10.0,1.0,2.0,35
592,352470,22,15.0,6.0,1.0,35
593,352480,3,2.0,0.0,1.0,35
594,352500,48,13.0,13.0,22.0,35
595,352520,1,0.0,0.0,1.0,35
596,352530,20,13.0,5.0,2.0,35
597,352550,5,2.0,2.0,1.0,35
598,352570,4,3.0,1.0,0.0,35
599,352585,1,1.0,0.0,0.0,35
600,352590,182,98.0,40.0,44.0,35
601,352600,4,4.0,0.0,0.0,35
602,352610,1,0.0,1.0,0.0,35
603,352620,3,1.0,2.0,0.0,35
604,352640,1,1.0,0.0,0.0,35
605,352670,3,2.0,0.0,1.0,35
606,352690,54,30.0,18.0,6.0,35
607,352710,1,1.0,0.0,0.0,35
608,352720,12,7.0,3.0,2.0,35
609,352730,6,4.0,2.0,0.0,35
610,352740,1,1.0,0.0,0.0,35
611,352760,3,2.0,1.0,0.0,35
612,352840,5,4.0,0.0,1.0,35
613,352850,92,42.0,45.0,5.0,35
614,352890,2,1.0,1.0,0.0,35
615,352900,41,30.0,11.0,0.0,35
616,352930,3,3.0,0.0,0.0,35
617,352940,286,59.0,122.0,105.0,35
618,352960,1,0.0,1.0,0.0,35
619,353010,1,1.0,0.0,0.0,35
620,353030,12,12.0,0.0,0.0,35
621,353040,1,1.0,0.0,0.0,35
622,353050,1,1.0,0.0,0.0,35
623,353060,221,78.0,87.0,56.0,35
624,353070,15,10.0,5.0,0.0,35
625,353080,9,6.0,2.0,1.0,35
626,353110,26,14.0,8.0,4.0,35
627,353120,1,1.0,0.0,0.0,35
628,353130,1,0.0,0.0,1.0,35
629,353180,2,0.0,2.0,0.0,35
630,353190,2,0.0,2.0,0.0,35
631,353240,3,2.0,0.0,1.0,35
632,353260,1,0.0,1.0,0.0,35
633,353300,1,1.0,0.0,0.0,35
634,353340,1,1.0,0.0,0.0,35
635,353360,1,1.0,0.0,0.0,35
636,353390,1,1.0,0.0,0.0,35
637,353410,1,1.0,0.0,0.0,35
638,353440,314,129.0,118.0,67.0,35
639,353470,25,17.0,6.0,2.0,35
640,353490,1,0.0,1.0,0.0,35
641,353520,1,1.0,0.0,0.0,35
642,353540,1,0.0,1.0,0.0,35
643,353550,3,3.0,0.0,0.0,35
644,353560,1,1.0,0.0,0.0,35
645,353600,1,1.0,0.0,0.0,35
646,353620,4,1.0,3.0,0.0,35
647,353650,31,23.0,4.0,4.0,35
648,353670,4,3.0,1.0,0.0,35
649,353680,1,1.0,0.0,0.0,35
650,353710,2,1.0,1.0,0.0,35
651,353720,3,2.0,0.0,1.0,35
652,353730,2,1.0,1.0,0.0,35
653,353740,3,3.0,0.0,0.0,35
654,353760,25,15.0,4.0,6.0,35
655,353780,3,2.0,1.0,0.0,35
656,353790,1,1.0,0.0,0.0,35
657,353800,13,11.0,2.0,0.0,35
658,353870,13,7.0,6.0,0.0,35
659,353880,1,1.0,0.0,0.0,35
660,353890,2,1.0,1.0,0.0,35
661,353910,1,1.0,0.0,0.0,35
662,353930,99,97.0,1.0,1.0,35
663,353940,1,1.0,0.0,0.0,35
664,353980,72,28.0,33.0,11.0,35
665,354020,5,4.0,1.0,0.0,35
666,354060,2,1.0,1.0,0.0,35
667,354070,10,7.0,3.0,0.0,35
668,354075,2,2.0,0.0,0.0,35
669,354080,1,0.0,1.0,0.0,35
670,354090,3,3.0,0.0,0.0,35
671,354100,118,51.0,53.0,14.0,35
672,354130,1,1.0,0.0,0.0,35
673,354140,14,11.0,3.0,0.0,35
674,354150,4,4.0,0.0,0.0,35
675,354160,1,1.0,0.0,0.0,35
676,354200,2,2.0,0.0,0.0,35
677,354220,1,1.0,0.0,0.0,35
678,354240,1,1.0,0.0,0.0,35
679,354260,6,5.0,1.0,0.0,35
680,354320,1,1.0,0.0,0.0,35
681,354330,94,35.0,39.0,20.0,35
682,354340,87,49.0,25.0,13.0,35
683,354370,1,1.0,0.0,0.0,35
684,354390,16,12.0,4.0,0.0,35
685,354400,1,1.0,0.0,0.0,35
686,354410,42,14.0,8.0,20.0,35
687,354425,1,1.0,0.0,0.0,35
688,354450,2,2.0,0.0,0.0,35
689,354490,1,1.0,0.0,0.0,35
690,354520,10,9.0,1.0,0.0,35
691,354530,1,1.0,0.0,0.0,35
692,354540,2,2.0,0.0,0.0,35
693,354560,2,1.0,1.0,0.0,35
694,354580,12,6.0,4.0,2.0,35
695,354640,1,1.0,0.0,0.0,35
696,354660,1,1.0,0.0,0.0,35
697,354680,12,10.0,1.0,1.0,35
698,354730,33,14.0,19.0,0.0,35
699,354780,447,134.0,164.0,149.0,35
700,354850,226,110.0,66.0,50.0,35
701,354870,492,183.0,194.0,115.0,35
702,354880,152,37.0,66.0,49.0,35
703,354890,32,17.0,12.0,3.0,35
704,354910,9,6.0,2.0,1.0,35
705,354940,1,0.0,0.0,1.0,35
706,354950,1,1.0,0.0,0.0,35
707,354970,9,8.0,1.0,0.0,35
708,354980,89,64.0,17.0,8.0,35
709,354990,84,50.0,29.0,5.0,35
710,355030,10195,3833.0,4473.0,1889.0,35
711,355050,1,1.0,0.0,0.0,35
712,355060,20,12.0,5.0,3.0,35
713,355070,17,12.0,4.0,1.0,35
714,355080,2,2.0,0.0,0.0,35
715,355100,28,16.0,10.0,2.0,35
716,355110,4,3.0,0.0,1.0,35
717,355150,3,1.0,1.0,1.0,35
718,355160,16,6.0,5.0,5.0,35
719,355170,14,7.0,6.0,1.0,35
720,355200,1,1.0,0.0,0.0,35
721,355210,3,2.0,0.0,1.0,35
722,355220,91,58.0,19.0,14.0,35
723,355240,12,9.0,1.0,2.0,35
724,355250,49,29.0,12.0,8.0,35
725,355260,1,1.0,0.0,0.0,35
726,355280,48,18.0,20.0,10.0,35
727,355380,1,1.0,0.0,0.0,35
728,355400,26,16.0,10.0,0.0,35
729,355410,42,27.0,15.0,0.0,35
730,355430,2,2.0,0.0,0.0,35
731,355450,2,1.0,1.0,0.0,35
732,355480,3,0.0,3.0,0.0,35
733,355500,5,5.0,0.0,0.0,35
734,355510,1,0.0,1.0,0.0,35
735,355530,1,0.0,1.0,0.0,35
736,355540,10,7.0,3.0,0.0,35
737,355560,2,2.0,0.0,0.0,35
738,355580,1,0.0,1.0,0.0,35
739,355610,4,2.0,2.0,0.0,35
740,355620,29,21.0,8.0,0.0,35
741,355630,4,3.0,1.0,0.0,35
742,355640,10,6.0,4.0,0.0,35
743,355645,13,8.0,3.0,2.0,35
744,355650,15,6.0,3.0,6.0,35
745,355670,20,15.0,4.0,1.0,35
746,355700,4,3.0,0.0,1.0,35
747,355710,27,23.0,4.0,0.0,35
748,410040,25,10.0,10.0,5.0,41
749,410120,1,0.0,1.0,0.0,41
750,410180,19,5.0,4.0,10.0,41
751,410230,1,1.0,0.0,0.0,41
752,410400,17,8.0,5.0,4.0,41
753,410410,4,2.0,2.0,0.0,41
754,410420,33,21.0,4.0,8.0,41
755,410425,9,7.0,1.0,1.0,41
756,410430,1,0.0,1.0,0.0,41
757,410445,1,1.0,0.0,0.0,41
758,410470,4,0.0,0.0,4.0,41
759,410490,2,0.0,2.0,0.0,41
760,410550,2,2.0,0.0,0.0,41
761,410580,36,18.0,18.0,0.0,41
762,410680,1,1.0,0.0,0.0,41
763,410690,1441,685.0,510.0,246.0,41
764,410765,10,8.0,1.0,1.0,41
765,410832,1,0.0,0.0,1.0,41
766,410840,1,0.0,0.0,1.0,41
767,410850,1,1.0,0.0,0.0,41
768,410890,1,1.0,0.0,0.0,41
769,410940,3,1.0,2.0,0.0,41
770,410960,1,0.0,0.0,1.0,41
771,411010,1,1.0,0.0,0.0,41
772,411020,1,1.0,0.0,0.0,41
773,411070,9,6.0,2.0,1.0,41
774,411180,8,7.0,1.0,0.0,41
775,411210,1,1.0,0.0,0.0,41
776,411320,2,1.0,0.0,1.0,41
777,411370,8,6.0,1.0,1.0,41
778,411390,4,4.0,0.0,0.0,41
779,411460,1,1.0,0.0,0.0,41
780,411520,6,4.0,2.0,0.0,41
781,411570,2,1.0,1.0,0.0,41
782,411605,1,1.0,0.0,0.0,41
783,411730,2,2.0,0.0,0.0,41
784,411800,1,0.0,0.0,1.0,41
785,411820,9,1.0,7.0,1.0,41
786,411850,1,0.0,0.0,1.0,41
787,411860,3,3.0,0.0,0.0,41
788,411915,49,10.0,22.0,17.0,41
789,411950,18,5.0,7.0,6.0,41
790,411990,1,0.0,0.0,1.0,41
791,412080,6,3.0,0.0,3.0,41
792,412120,1,0.0,1.0,0.0,41
793,412200,1,0.0,1.0,0.0,41
794,412220,8,3.0,4.0,1.0,41
795,412240,1,1.0,0.0,0.0,41
796,412350,1,1.0,0.0,0.0,41
797,412550,36,21.0,14.0,1.0,41
798,412625,3,2.0,1.0,0.0,41
799,412770,3,2.0,0.0,1.0,41
800,412820,13,6.0,7.0,0.0,41
801,420075,1,1.0,0.0,0.0,42
802,420200,4,0.0,3.0,1.0,42
803,420240,4,1.0,1.0,2.0,42
804,420290,3,3.0,0.0,0.0,42
805,420300,1,1.0,0.0,0.0,42
806,420380,11,10.0,1.0,0.0,42
807,420430,16,15.0,1.0,0.0,42
808,420540,117,67.0,40.0,10.0,42
809,420570,3,1.0,0.0,2.0,42
810,420650,4,2.0,2.0,0.0,42
811,420730,1,0.0,0.0,1.0,42
812,420750,1,1.0,0.0,0.0,42
813,420800,1,1.0,0.0,0.0,42
814,420820,2,0.0,2.0,0.0,42
815,420845,3,1.0,2.0,0.0,42
816,420860,1,1.0,0.0,0.0,42
817,420890,19,11.0,4.0,4.0,42
818,420910,148,98.0,32.0,18.0,42
819,421010,2,2.0,0.0,0.0,42
820,421050,1,1.0,0.0,0.0,42
821,421090,1,1.0,0.0,0.0,42
822,421110,2,1.0,1.0,0.0,42
823,421190,4,3.0,0.0,1.0,42
824,421260,4,3.0,0.0,1.0,42
825,421280,2,0.0,1.0,1.0,42
826,421350,1,1.0,0.0,0.0,42
827,421360,12,9.0,2.0,1.0,42
828,421390,1,1.0,0.0,0.0,42
829,421470,1,1.0,0.0,0.0,42
830,421580,6,5.0,1.0,0.0,42
831,421620,4,4.0,0.0,0.0,42
832,421630,2,1.0,1.0,0.0,42
833,421660,10,5.0,5.0,0.0,42
834,421740,8,6.0,1.0,1.0,42
835,421750,3,2.0,1.0,0.0,42
836,421830,1,0.0,1.0,0.0,42
837,421870,5,3.0,2.0,0.0,42
838,421917,1,1.0,0.0,0.0,42
839,421985,1,1.0,0.0,0.0,42
840,430060,4,1.0,2.0,1.0,43
841,430160,1,0.0,1.0,0.0,43
842,430210,4,1.0,3.0,0.0,43
843,430310,29,8.0,14.0,7.0,43
844,430460,11,2.0,5.0,4.0,43
845,430470,1,1.0,0.0,0.0,43
846,430485,1,1.0,0.0,0.0,43
847,430640,1,1.0,0.0,0.0,43
848,430770,4,2.0,0.0,2.0,43
849,430920,26,9.0,13.0,4.0,43
850,431020,2,0.0,1.0,1.0,43
851,431130,1,0.0,1.0,0.0,43
852,431340,1,0.0,1.0,0.0,43
853,431490,84,29.0,27.0,28.0,43
854,431760,1,0.0,0.0,1.0,43
855,431800,1,0.0,1.0,0.0,43
856,431870,8,2.0,4.0,2.0,43
857,432000,8,7.0,0.0,1.0,43
858,432160,3,1.0,2.0,0.0,43
859,432195,2,2.0,0.0,0.0,43
860,432240,1,0.0,0.0,1.0,43
861,432250,1,1.0,0.0,0.0,43
862,432300,6,4.0,2.0,0.0,43
863,500270,11,2.0,9.0,0.0,50
864,500830,1,1.0,0.0,0.0,50
865,510525,1,0.0,1.0,0.0,51
866,510619,1,0.0,1.0,0.0,51
867,510760,1,1.0,0.0,0.0,51
868,510792,1,1.0,0.0,0.0,51
869,520110,1,0.0,1.0,0.0,52
870,520140,3,0.0,3.0,0.0,52
871,520549,1,0.0,1.0,0.0,52
872,520620,1,1.0,0.0,0.0,52
873,520870,11,4.0,6.0,1.0,52
874,521250,1,1.0,0.0,0.0,52
875,521830,1,1.0,0.0,0.0,52
876,521860,1,1.0,0.0,0.0,52
877,530010,22,11.0,10.0,1.0,53
