,ID_MUNICIP,"(0, 4]","(14, 19]","(19, 29]","(29, 39]","(39, 49]","(4, 9]","(49, 59]","(59, 69]","(69, 79]","(79, 120]","(9, 14]",TOTAL
0,110004,1.0,0.0,0.0,0.0,0.0,0.0,0.0,0.0,0.0,0.0,0.0,1.0
1,110012,0.0,0.0,0.0,1.0,0.0,0.0,0.0,0.0,0.0,0.0,0.0,1.0
2,110020,2.0,0.0,0.0,0.0,1.0,0.0,0.0,0.0,0.0,0.0,0.0,3.0
3,110030,4.0,0.0,2.0,0.0,0.0,1.0,0.0,0.0,0.0,0.0,0.0,7.0
4,110146,1.0,0.0,0.0,0.0,0.0,1.0,0.0,0.0,0.0,0.0,2.0,4.0
5,130008,2.0,0.0,0.0,0.0,1.0,2.0,0.0,0.0,0.0,0.0,2.0,7.0
6,130010,0.0,0.0,1.0,0.0,0.0,0.0,0.0,0.0,0.0,0.0,0.0,1.0
7,130020,3.0,0.0,0.0,0.0,0.0,0.0,0.0,0.0,0.0,0.0,0.0,3.0
8,130030,12.0,4.0,1.0,2.0,3.0,2.0,1.0,0.0,0.0,0.0,0.0,25.0
9,130040,0.0,0.0,1.0,0.0,1.0,0.0,0.0,0.0,0.0,0.0,0.0,2.0
10,130063,7.0,0.0,1.0,2.0,0.0,1.0,1.0,0.0,0.0,0.0,0.0,12.0
11,130080,0.0,1.0,0.0,0.0,0.0,0.0,0.0,0.0,0.0,0.0,0.0,1.0
12,130083,2.0,1.0,1.0,0.0,0.0,0.0,0.0,0.0,0.0,0.0,0.0,4.0
13,130100,1.0,0.0,0.0,0.0,0.0,0.0,0.0,0.0,0.0,0.0,0.0,1.0
14,130110,4.0,0.0,2.0,2.0,0.0,1.0,1.0,0.0,0.0,0.0,0.0,10.0
15,130115,1.0,1.0,1.0,0.0,1.0,0.0,0.0,0.0,0.0,0.0,1.0,5.0
16,130120,48.0,14.0,15.0,7.0,3.0,7.0,0.0,0.0,0.0,0.0,9.0,103.0
17,130130,2.0,1.0,7.0,0.0,0.0,1.0,0.0,0.0,0.0,0.0,2.0,13.0
18,130160,0.0,1.0,0.0,0.0,0.0,0.0,0.0,0.0,0.0,0.0,0.0,1.0
19,130185,4.0,4.0,4.0,4.0,1.0,0.0,0.0,0.0,0.0,0.0,0.0,17.0
20,130190,51.0,27.0,22.0,9.0,8.0,8.0,3.0,1.0,0.0,0.0,11.0,140.0
21,130200,0.0,0.0,0.0,0.0,1.0,0.0,0.0,0.0,0.0,0.0,0.0,1.0
22,130220,24.0,7.0,7.0,5.0,6.0,3.0,2.0,0.0,0.0,0.0,3.0,57.0
23,130230,0.0,0.0,1.0,1.0,0.0,0.0,0.0,0.0,0.0,0.0,0.0,2.0
24,130240,5.0,0.0,0.0,0.0,0.0,1.0,0.0,0.0,0.0,0.0,0.0,6.0
25,130250,327.0,142.0,223.0,80.0,31.0,39.0,15.0,3.0,0.0,0.0,33.0,893.0
26,130255,2.0,1.0,0.0,1.0,0.0,0.0,2.0,0.0,0.0,0.0,1.0,7.0
27,130260,2021.0,1551.0,1845.0,753.0,326.0,310.0,126.0,12.0,4.0,0.0,352.0,7300.0
28,130270,0.0,1.0,0.0,0.0,0.0,0.0,0.0,0.0,0.0,0.0,0.0,1.0
29,130290,12.0,0.0,6.0,3.0,6.0,1.0,1.0,0.0,0.0,0.0,0.0,29.0
30,130300,2.0,0.0,1.0,1.0,0.0,0.0,0.0,0.0,0.0,0.0,2.0,6.0
31,130310,3.0,0.0,0.0,0.0,0.0,1.0,0.0,0.0,0.0,0.0,0.0,4.0
32,130320,11.0,0.0,4.0,3.0,1.0,2.0,2.0,0.0,0.0,0.0,3.0,26.0
33,130330,1.0,0.0,2.0,0.0,0.0,0.0,0.0,0.0,0.0,0.0,0.0,3.0
34,130340,1.0,5.0,1.0,5.0,2.0,1.0,1.0,0.0,0.0,0.0,1.0,17.0
35,130353,6.0,2.0,6.0,1.0,2.0,0.0,0.0,0.0,0.0,0.0,1.0,18.0
36,130356,16.0,2.0,1.0,4.0,0.0,2.0,0.0,1.0,0.0,0.0,0.0,26.0
37,130380,0.0,0.0,0.0,1.0,0.0,0.0,0.0,0.0,0.0,0.0,0.0,1.0
38,130406,1.0,0.0,0.0,0.0,0.0,0.0,0.0,0.0,0.0,0.0,0.0,1.0
39,130410,3.0,1.0,1.0,0.0,0.0,0.0,0.0,0.0,0.0,0.0,0.0,5.0
40,130420,16.0,10.0,2.0,2.0,0.0,4.0,0.0,0.0,0.0,0.0,3.0,37.0
41,130423,0.0,2.0,1.0,0.0,0.0,0.0,0.0,0.0,0.0,0.0,0.0,3.0
42,130430,0.0,0.0,0.0,0.0,0.0,0.0,1.0,0.0,0.0,0.0,0.0,1.0
43,140002,17.0,9.0,12.0,4.0,4.0,22.0,3.0,0.0,0.0,1.0,19.0,91.0
44,140010,117.0,12.0,15.0,10.0,6.0,24.0,0.0,0.0,0.0,0.0,12.0,196.0
45,140017,2.0,0.0,0.0,0.0,0.0,0.0,0.0,0.0,0.0,0.0,1.0,3.0
46,140020,1.0,0.0,0.0,0.0,0.0,0.0,0.0,0.0,0.0,0.0,0.0,1.0
47,140030,1.0,0.0,0.0,0.0,0.0,0.0,0.0,0.0,0.0,0.0,0.0,1.0
48,140045,28.0,2.0,8.0,3.0,1.0,13.0,0.0,0.0,0.0,0.0,3.0,58.0
49,140047,10.0,1.0,1.0,1.0,0.0,0.0,0.0,0.0,0.0,0.0,0.0,13.0
50,140050,0.0,2.0,0.0,0.0,0.0,0.0,0.0,0.0,0.0,0.0,0.0,2.0
51,150010,32.0,45.0,49.0,31.0,15.0,7.0,5.0,0.0,0.0,0.0,16.0,200.0
52,150020,4.0,10.0,6.0,6.0,2.0,2.0,1.0,1.0,0.0,0.0,0.0,32.0
53,150030,20.0,22.0,55.0,13.0,7.0,8.0,1.0,0.0,0.0,0.0,8.0,134.0
54,150040,0.0,0.0,1.0,0.0,0.0,0.0,0.0,0.0,0.0,0.0,0.0,1.0
55,150070,0.0,1.0,2.0,0.0,0.0,0.0,0.0,0.0,0.0,0.0,0.0,3.0
56,150080,157.0,194.0,349.0,129.0,53.0,40.0,15.0,2.0,1.0,0.0,41.0,981.0
57,150090,19.0,11.0,34.0,11.0,3.0,3.0,5.0,1.0,0.0,1.0,4.0,92.0
58,150095,0.0,1.0,0.0,0.0,0.0,0.0,0.0,0.0,0.0,0.0,0.0,1.0
59,150110,30.0,16.0,8.0,7.0,2.0,5.0,1.0,0.0,0.0,0.0,9.0,78.0
60,150130,14.0,10.0,14.0,4.0,5.0,11.0,3.0,1.0,0.0,0.0,3.0,65.0
61,150140,370.0,355.0,413.0,164.0,46.0,78.0,25.0,3.0,0.0,0.0,89.0,1543.0
62,150150,9.0,14.0,22.0,3.0,1.0,3.0,0.0,0.0,0.0,0.0,1.0,53.0
63,150160,1.0,0.0,0.0,0.0,0.0,0.0,0.0,0.0,0.0,0.0,0.0,1.0
64,150170,13.0,11.0,16.0,7.0,3.0,0.0,1.0,0.0,0.0,0.0,3.0,54.0
65,150175,0.0,0.0,1.0,0.0,0.0,0.0,0.0,0.0,0.0,0.0,0.0,1.0
66,150180,76.0,36.0,33.0,14.0,10.0,12.0,5.0,0.0,0.0,0.0,11.0,197.0
67,150200,0.0,0.0,3.0,2.0,1.0,0.0,0.0,0.0,0.0,0.0,0.0,6.0
68,150210,18.0,34.0,42.0,22.0,5.0,5.0,0.0,1.0,0.0,0.0,8.0,135.0
69,150215,1.0,1.0,1.0,1.0,0.0,0.0,0.0,0.0,0.0,0.0,0.0,4.0
70,150220,5.0,0.0,7.0,3.0,0.0,0.0,0.0,0.0,0.0,0.0,1.0,16.0
71,150230,1.0,0.0,1.0,0.0,0.0,0.0,0.0,0.0,0.0,0.0,0.0,2.0
72,150240,27.0,16.0,17.0,5.0,1.0,7.0,0.0,0.0,0.0,0.0,4.0,77.0
73,150250,1.0,0.0,2.0,2.0,0.0,3.0,0.0,0.0,0.0,0.0,1.0,9.0
74,150275,3.0,2.0,1.0,1.0,1.0,0.0,0.0,0.0,0.0,0.0,1.0,9.0
75,150280,0.0,0.0,1.0,0.0,0.0,0.0,0.0,0.0,0.0,0.0,0.0,1.0
76,150285,1.0,1.0,1.0,0.0,0.0,2.0,0.0,0.0,0.0,0.0,3.0,8.0
77,150290,5.0,8.0,14.0,2.0,2.0,5.0,0.0,0.0,0.0,0.0,1.0,37.0
78,150300,0.0,0.0,1.0,0.0,0.0,0.0,0.0,0.0,0.0,0.0,0.0,1.0
79,150304,1.0,0.0,0.0,0.0,0.0,0.0,0.0,0.0,0.0,0.0,0.0,1.0
80,150307,2.0,0.0,1.0,0.0,0.0,0.0,0.0,0.0,0.0,0.0,0.0,3.0
81,150309,0.0,0.0,1.0,1.0,1.0,0.0,0.0,0.0,0.0,0.0,0.0,3.0
82,150320,4.0,3.0,7.0,1.0,3.0,0.0,0.0,0.0,0.0,0.0,0.0,18.0
83,150330,21.0,26.0,31.0,18.0,3.0,10.0,1.0,0.0,0.0,0.0,10.0,120.0
84,150340,3.0,0.0,0.0,0.0,1.0,1.0,0.0,0.0,0.0,0.0,0.0,5.0
85,150345,0.0,1.0,1.0,0.0,0.0,0.0,0.0,0.0,0.0,0.0,0.0,2.0
86,150350,1.0,0.0,1.0,2.0,0.0,0.0,0.0,0.0,0.0,0.0,0.0,4.0
87,150360,2.0,1.0,0.0,0.0,1.0,0.0,0.0,0.0,0.0,0.0,0.0,4.0
88,150370,0.0,0.0,0.0,0.0,0.0,1.0,0.0,0.0,0.0,0.0,0.0,1.0
89,150375,1.0,0.0,0.0,0.0,2.0,0.0,0.0,0.0,0.0,0.0,0.0,3.0
90,150390,3.0,0.0,1.0,0.0,0.0,0.0,0.0,0.0,0.0,0.0,3.0,7.0
91,150400,5.0,12.0,12.0,0.0,0.0,0.0,2.0,0.0,0.0,0.0,3.0,34.0
92,150405,8.0,15.0,36.0,9.0,0.0,1.0,2.0,0.0,0.0,0.0,4.0,75.0
93,150420,56.0,22.0,37.0,19.0,10.0,7.0,4.0,1.0,0.0,0.0,4.0,160.0
94,150430,0.0,0.0,1.0,0.0,0.0,0.0,0.0,0.0,0.0,0.0,0.0,1.0
95,150442,32.0,36.0,52.0,15.0,10.0,7.0,2.0,1.0,0.0,0.0,11.0,166.0
96,150450,11.0,6.0,4.0,4.0,1.0,3.0,0.0,0.0,0.0,0.0,4.0,33.0
97,150460,3.0,3.0,15.0,2.0,3.0,1.0,1.0,0.0,0.0,0.0,4.0,32.0
98,150470,24.0,22.0,42.0,21.0,3.0,9.0,6.0,0.0,0.0,0.0,9.0,136.0
99,150480,8.0,6.0,3.0,1.0,1.0,2.0,1.0,0.0,0.0,0.0,3.0,25.0
100,150490,4.0,2.0,6.0,6.0,0.0,0.0,1.0,0.0,0.0,0.0,0.0,19.0
101,150495,0.0,0.0,1.0,0.0,0.0,0.0,0.0,0.0,0.0,0.0,0.0,1.0
102,150506,6.0,7.0,13.0,5.0,2.0,0.0,0.0,0.0,0.0,0.0,3.0,36.0
103,150520,1.0,4.0,2.0,0.0,1.0,1.0,0.0,0.0,0.0,0.0,1.0,10.0
104,150548,1.0,0.0,0.0,0.0,0.0,0.0,0.0,0.0,0.0,0.0,0.0,1.0
105,150550,25.0,8.0,12.0,1.0,1.0,2.0,2.0,0.0,0.0,0.0,1.0,52.0
106,150553,39.0,9.0,21.0,7.0,1.0,1.0,0.0,0.0,0.0,0.0,2.0,80.0
107,150570,2.0,2.0,6.0,1.0,0.0,1.0,0.0,0.0,0.0,0.0,0.0,12.0
108,150580,51.0,21.0,24.0,12.0,4.0,8.0,0.0,0.0,0.0,0.0,7.0,127.0
109,150590,0.0,0.0,1.0,0.0,0.0,0.0,0.0,0.0,0.0,0.0,1.0,2.0
110,150600,10.0,11.0,8.0,4.0,0.0,3.0,0.0,0.0,0.0,0.0,4.0,40.0
111,150610,2.0,0.0,0.0,0.0,0.0,0.0,0.0,0.0,0.0,0.0,0.0,2.0
112,150613,1.0,0.0,0.0,0.0,0.0,0.0,0.0,0.0,0.0,0.0,0.0,1.0
113,150620,11.0,8.0,16.0,5.0,5.0,1.0,6.0,0.0,0.0,0.0,2.0,54.0
114,150630,0.0,0.0,0.0,1.0,0.0,0.0,0.0,0.0,0.0,0.0,0.0,1.0
115,150635,3.0,1.0,4.0,1.0,2.0,0.0,1.0,0.0,0.0,0.0,2.0,14.0
116,150640,3.0,8.0,13.0,2.0,1.0,2.0,0.0,0.0,0.0,0.0,1.0,30.0
117,150650,3.0,1.0,11.0,3.0,0.0,1.0,0.0,0.0,0.0,0.0,0.0,19.0
118,150660,2.0,1.0,1.0,0.0,0.0,0.0,0.0,0.0,0.0,0.0,0.0,4.0
119,150680,22.0,2.0,7.0,5.0,5.0,2.0,2.0,1.0,0.0,0.0,0.0,46.0
120,150700,3.0,0.0,0.0,0.0,0.0,0.0,0.0,0.0,0.0,0.0,0.0,3.0
121,150715,1.0,0.0,0.0,0.0,1.0,0.0,0.0,0.0,0.0,0.0,0.0,2.0
122,150720,1.0,11.0,14.0,4.0,2.0,0.0,0.0,0.0,1.0,0.0,3.0,36.0
123,150747,2.0,2.0,2.0,1.0,1.0,1.0,0.0,0.0,0.0,0.0,0.0,9.0
124,150750,0.0,0.0,1.0,0.0,0.0,0.0,0.0,0.0,0.0,0.0,0.0,1.0
125,150760,1.0,2.0,5.0,1.0,0.0,0.0,0.0,0.0,0.0,0.0,1.0,10.0
126,150770,1.0,7.0,15.0,4.0,1.0,0.0,0.0,0.0,0.0,0.0,2.0,30.0
127,150780,7.0,3.0,2.0,0.0,0.0,4.0,0.0,0.0,0.0,0.0,3.0,19.0
128,150790,1.0,0.0,2.0,1.0,0.0,3.0,0.0,0.0,0.0,0.0,1.0,8.0
129,150795,29.0,11.0,30.0,9.0,3.0,2.0,3.0,1.0,0.0,0.0,0.0,88.0
130,150796,1.0,0.0,0.0,0.0,0.0,0.0,0.0,0.0,0.0,0.0,0.0,1.0
131,150797,0.0,1.0,0.0,0.0,0.0,0.0,0.0,0.0,0.0,0.0,0.0,1.0
132,150800,0.0,0.0,3.0,1.0,0.0,1.0,0.0,0.0,0.0,0.0,0.0,5.0
133,150803,4.0,7.0,3.0,4.0,2.0,0.0,0.0,0.0,0.0,0.0,0.0,20.0
134,150810,3.0,0.0,3.0,0.0,0.0,0.0,0.0,0.0,0.0,0.0,0.0,6.0
135,150812,0.0,0.0,2.0,0.0,0.0,1.0,0.0,0.0,0.0,0.0,0.0,3.0
136,150820,2.0,1.0,2.0,0.0,0.0,0.0,0.0,0.0,0.0,0.0,0.0,5.0
137,150830,7.0,10.0,23.0,5.0,4.0,1.0,2.0,1.0,0.0,0.0,4.0,57.0
138,160015,1.0,0.0,1.0,0.0,0.0,0.0,0.0,0.0,0.0,0.0,0.0,2.0
139,160021,1.0,0.0,1.0,0.0,0.0,0.0,0.0,0.0,0.0,0.0,0.0,2.0
140,160023,0.0,1.0,1.0,0.0,0.0,0.0,0.0,0.0,0.0,0.0,0.0,2.0
141,160025,0.0,0.0,0.0,0.0,0.0,0.0,0.0,0.0,0.0,0.0,1.0,1.0
142,160030,465.0,32.0,53.0,16.0,3.0,44.0,5.0,0.0,0.0,1.0,21.0,640.0
143,160040,5.0,1.0,3.0,3.0,0.0,0.0,0.0,0.0,0.0,0.0,1.0,13.0
144,160050,15.0,0.0,0.0,1.0,1.0,1.0,0.0,0.0,0.0,0.0,0.0,18.0
145,160053,3.0,0.0,0.0,0.0,0.0,1.0,0.0,0.0,0.0,0.0,0.0,4.0
146,160060,147.0,11.0,23.0,6.0,0.0,18.0,0.0,0.0,0.0,0.0,11.0,216.0
147,160070,1.0,0.0,0.0,0.0,1.0,1.0,0.0,0.0,0.0,0.0,1.0,4.0
148,160080,1.0,0.0,0.0,0.0,0.0,0.0,0.0,0.0,0.0,0.0,0.0,1.0
149,170210,1.0,0.0,0.0,0.0,0.0,0.0,0.0,0.0,0.0,0.0,0.0,1.0
150,171820,2.0,0.0,0.0,0.0,0.0,0.0,0.0,0.0,0.0,0.0,0.0,2.0
151,210203,1.0,0.0,0.0,0.0,0.0,0.0,0.0,0.0,0.0,0.0,0.0,1.0
152,210290,6.0,4.0,4.0,2.0,1.0,1.0,0.0,0.0,0.0,0.0,1.0,19.0
153,210300,1.0,0.0,0.0,0.0,0.0,0.0,0.0,0.0,0.0,0.0,0.0,1.0
154,210330,0.0,0.0,1.0,0.0,0.0,0.0,0.0,0.0,0.0,0.0,0.0,1.0
155,210570,1.0,0.0,0.0,0.0,0.0,0.0,0.0,0.0,0.0,0.0,0.0,1.0
156,210600,1.0,0.0,0.0,0.0,0.0,0.0,0.0,0.0,0.0,0.0,0.0,1.0
157,210820,0.0,0.0,0.0,1.0,0.0,0.0,0.0,0.0,0.0,0.0,0.0,1.0
158,211130,2.0,0.0,0.0,1.0,0.0,1.0,0.0,0.0,0.0,0.0,0.0,4.0
159,211300,0.0,0.0,0.0,0.0,1.0,0.0,0.0,0.0,0.0,0.0,0.0,1.0
160,220110,1.0,0.0,0.0,0.0,0.0,0.0,0.0,0.0,0.0,0.0,0.0,1.0
161,220213,1.0,0.0,0.0,0.0,0.0,0.0,0.0,0.0,0.0,0.0,0.0,1.0
162,220557,1.0,0.0,2.0,0.0,0.0,0.0,0.0,0.0,0.0,0.0,0.0,3.0
163,220600,0.0,0.0,0.0,1.0,0.0,0.0,0.0,0.0,0.0,0.0,0.0,1.0
164,220635,1.0,0.0,0.0,0.0,0.0,0.0,0.0,0.0,0.0,0.0,0.0,1.0
165,220770,0.0,0.0,1.0,0.0,0.0,0.0,0.0,0.0,0.0,0.0,0.0,1.0
166,220800,1.0,0.0,1.0,0.0,0.0,0.0,0.0,0.0,0.0,0.0,0.0,2.0
167,220840,2.0,0.0,0.0,0.0,0.0,0.0,0.0,0.0,0.0,0.0,0.0,2.0
168,220995,0.0,0.0,0.0,0.0,1.0,0.0,0.0,0.0,0.0,0.0,0.0,1.0
169,221100,2.0,1.0,0.0,0.0,1.0,0.0,1.0,0.0,0.0,0.0,0.0,5.0
170,230015,0.0,1.0,0.0,0.0,0.0,0.0,0.0,0.0,0.0,0.0,0.0,1.0
171,230075,1.0,0.0,0.0,0.0,0.0,0.0,0.0,0.0,0.0,0.0,0.0,1.0
172,230100,1.0,0.0,0.0,0.0,0.0,0.0,0.0,0.0,0.0,0.0,0.0,1.0
173,230110,2.0,0.0,0.0,0.0,0.0,0.0,0.0,0.0,0.0,0.0,0.0,2.0
174,230140,0.0,1.0,0.0,0.0,0.0,0.0,0.0,0.0,0.0,0.0,0.0,1.0
175,230195,1.0,0.0,0.0,0.0,0.0,0.0,0.0,0.0,0.0,0.0,0.0,1.0
176,230220,1.0,0.0,0.0,0.0,0.0,0.0,0.0,0.0,0.0,0.0,0.0,1.0
177,230260,1.0,0.0,0.0,0.0,0.0,0.0,0.0,0.0,0.0,0.0,0.0,1.0
178,230310,1.0,1.0,1.0,2.0,1.0,0.0,0.0,0.0,0.0,0.0,0.0,6.0
179,230370,42.0,5.0,19.0,5.0,2.0,8.0,3.0,0.0,0.0,0.0,4.0,88.0
180,230400,4.0,1.0,0.0,0.0,0.0,0.0,0.0,0.0,0.0,0.0,0.0,5.0
181,230420,0.0,0.0,0.0,0.0,1.0,0.0,0.0,0.0,0.0,0.0,0.0,1.0
182,230428,1.0,0.0,1.0,0.0,1.0,0.0,0.0,0.0,0.0,0.0,0.0,3.0
183,230430,1.0,0.0,0.0,0.0,0.0,0.0,0.0,0.0,0.0,0.0,0.0,1.0
184,230435,3.0,1.0,7.0,0.0,2.0,0.0,2.0,0.0,0.0,0.0,2.0,17.0
185,230440,284.0,44.0,83.0,33.0,22.0,16.0,10.0,1.0,0.0,0.0,36.0,529.0
186,230450,0.0,0.0,0.0,1.0,0.0,0.0,0.0,0.0,0.0,0.0,0.0,1.0
187,230470,0.0,0.0,1.0,0.0,0.0,0.0,0.0,0.0,0.0,0.0,0.0,1.0
188,230495,0.0,0.0,1.0,0.0,0.0,0.0,0.0,0.0,0.0,0.0,0.0,1.0
189,230523,1.0,0.0,0.0,0.0,0.0,0.0,0.0,0.0,0.0,0.0,0.0,1.0
190,230540,0.0,0.0,0.0,1.0,0.0,0.0,0.0,0.0,0.0,0.0,0.0,1.0
191,230625,1.0,0.0,2.0,0.0,0.0,0.0,0.0,0.0,0.0,0.0,0.0,3.0
192,230640,1.0,0.0,0.0,0.0,0.0,0.0,0.0,0.0,0.0,0.0,0.0,1.0
193,230690,2.0,0.0,0.0,0.0,0.0,0.0,0.0,0.0,0.0,0.0,0.0,2.0
194,230750,2.0,0.0,0.0,0.0,0.0,0.0,0.0,0.0,0.0,0.0,0.0,2.0
195,230765,6.0,1.0,2.0,2.0,0.0,0.0,0.0,0.0,0.0,0.0,2.0,13.0
196,230770,3.0,1.0,1.0,0.0,0.0,0.0,0.0,0.0,0.0,0.0,3.0,8.0
197,230790,0.0,3.0,0.0,1.0,0.0,0.0,1.0,0.0,0.0,0.0,0.0,5.0
198,230800,18.0,35.0,34.0,14.0,6.0,5.0,1.0,0.0,0.0,0.0,17.0,130.0
199,230820,1.0,0.0,0.0,1.0,0.0,1.0,0.0,0.0,0.0,0.0,2.0,5.0
200,230880,0.0,0.0,0.0,0.0,0.0,1.0,0.0,0.0,0.0,0.0,0.0,1.0
201,230900,2.0,0.0,0.0,0.0,0.0,0.0,0.0,0.0,0.0,0.0,0.0,2.0
202,230960,1.0,0.0,0.0,0.0,0.0,0.0,0.0,0.0,0.0,0.0,0.0,1.0
203,231020,2.0,0.0,2.0,1.0,0.0,0.0,0.0,0.0,0.0,0.0,0.0,5.0
204,231070,1.0,0.0,0.0,0.0,0.0,0.0,0.0,0.0,0.0,0.0,0.0,1.0
205,231085,0.0,0.0,1.0,0.0,0.0,0.0,0.0,0.0,0.0,0.0,0.0,1.0
206,231170,1.0,0.0,0.0,0.0,0.0,0.0,0.0,0.0,0.0,0.0,0.0,1.0
207,231200,1.0,1.0,1.0,1.0,1.0,0.0,0.0,0.0,0.0,0.0,0.0,5.0
208,231280,1.0,0.0,1.0,1.0,1.0,0.0,0.0,0.0,0.0,0.0,0.0,4.0
209,231290,34.0,12.0,17.0,4.0,4.0,3.0,5.0,0.0,0.0,0.0,12.0,91.0
210,231350,2.0,2.0,0.0,1.0,0.0,0.0,2.0,0.0,0.0,0.0,0.0,7.0
211,231355,2.0,0.0,0.0,0.0,0.0,0.0,0.0,0.0,0.0,0.0,1.0,3.0
212,231380,13.0,10.0,16.0,8.0,1.0,2.0,0.0,0.0,0.0,0.0,9.0,59.0
213,231390,0.0,1.0,0.0,0.0,0.0,0.0,0.0,0.0,0.0,0.0,0.0,1.0
214,231395,1.0,0.0,0.0,0.0,0.0,0.0,0.0,0.0,0.0,0.0,0.0,1.0
215,240325,0.0,0.0,1.0,0.0,0.0,0.0,0.0,0.0,0.0,0.0,0.0,1.0
216,240710,0.0,0.0,0.0,0.0,0.0,1.0,0.0,0.0,0.0,0.0,0.0,1.0
217,240810,3.0,0.0,1.0,2.0,0.0,0.0,1.0,0.0,0.0,0.0,0.0,7.0
218,240940,0.0,0.0,0.0,1.0,0.0,0.0,0.0,0.0,0.0,0.0,0.0,1.0
219,241445,1.0,0.0,0.0,0.0,0.0,0.0,0.0,0.0,0.0,0.0,1.0,2.0
220,250150,0.0,0.0,0.0,1.0,0.0,0.0,0.0,0.0,0.0,0.0,0.0,1.0
221,250170,1.0,0.0,0.0,0.0,2.0,0.0,0.0,0.0,0.0,0.0,0.0,3.0
222,250180,2.0,0.0,0.0,1.0,0.0,2.0,0.0,0.0,0.0,0.0,0.0,5.0
223,250250,0.0,0.0,0.0,0.0,0.0,1.0,0.0,0.0,0.0,0.0,0.0,1.0
224,250300,0.0,1.0,0.0,0.0,0.0,0.0,0.0,0.0,0.0,0.0,1.0,2.0
225,250320,0.0,1.0,1.0,0.0,0.0,0.0,0.0,0.0,0.0,0.0,0.0,2.0
226,250400,4.0,0.0,0.0,0.0,0.0,2.0,0.0,0.0,0.0,0.0,0.0,6.0
227,250460,1.0,0.0,0.0,0.0,0.0,0.0,0.0,0.0,0.0,0.0,0.0,1.0
228,250570,1.0,0.0,0.0,0.0,0.0,0.0,0.0,0.0,0.0,0.0,0.0,1.0
229,250580,1.0,0.0,0.0,0.0,0.0,0.0,0.0,0.0,0.0,0.0,0.0,1.0
230,250600,1.0,0.0,0.0,0.0,0.0,0.0,0.0,0.0,0.0,0.0,0.0,1.0
231,250630,1.0,0.0,0.0,0.0,0.0,0.0,0.0,0.0,0.0,0.0,0.0,1.0
232,250690,0.0,0.0,0.0,1.0,0.0,0.0,0.0,0.0,0.0,0.0,0.0,1.0
233,250750,37.0,10.0,12.0,11.0,4.0,7.0,1.0,0.0,0.0,0.0,5.0,87.0
234,250870,1.0,0.0,0.0,0.0,0.0,0.0,0.0,0.0,0.0,0.0,0.0,1.0
235,250890,0.0,0.0,0.0,0.0,0.0,1.0,0.0,0.0,0.0,0.0,0.0,1.0
236,251080,1.0,0.0,0.0,0.0,0.0,0.0,0.0,0.0,0.0,0.0,0.0,1.0
237,251140,1.0,0.0,0.0,0.0,0.0,0.0,0.0,0.0,0.0,0.0,0.0,1.0
238,251315,0.0,0.0,2.0,0.0,0.0,0.0,0.0,0.0,0.0,0.0,0.0,2.0
239,251370,1.0,0.0,1.0,0.0,0.0,0.0,0.0,0.0,0.0,0.0,1.0,3.0
240,251530,0.0,0.0,1.0,0.0,0.0,0.0,0.0,0.0,0.0,0.0,0.0,1.0
241,251600,0.0,0.0,0.0,0.0,1.0,0.0,0.0,0.0,0.0,0.0,0.0,1.0
242,251620,4.0,1.0,2.0,0.0,0.0,2.0,0.0,0.0,0.0,0.0,2.0,11.0
243,251630,0.0,0.0,1.0,0.0,0.0,0.0,0.0,0.0,0.0,0.0,0.0,1.0
244,260005,6.0,1.0,0.0,0.0,0.0,1.0,0.0,0.0,0.0,0.0,0.0,8.0
245,260010,0.0,0.0,0.0,0.0,0.0,1.0,0.0,0.0,0.0,0.0,0.0,1.0
246,260050,2.0,0.0,0.0,0.0,0.0,0.0,0.0,0.0,0.0,0.0,0.0,2.0
247,260120,1.0,0.0,1.0,0.0,1.0,0.0,0.0,0.0,0.0,0.0,0.0,3.0
248,260170,0.0,0.0,0.0,0.0,0.0,1.0,0.0,0.0,0.0,0.0,0.0,1.0
249,260190,1.0,1.0,0.0,0.0,0.0,0.0,0.0,0.0,0.0,0.0,0.0,2.0
250,260230,1.0,0.0,0.0,0.0,0.0,0.0,0.0,0.0,0.0,0.0,0.0,1.0
251,260260,2.0,3.0,1.0,0.0,0.0,2.0,1.0,0.0,0.0,0.0,1.0,10.0
252,260290,26.0,0.0,0.0,0.0,0.0,3.0,0.0,0.0,0.0,0.0,1.0,30.0
253,260300,1.0,0.0,0.0,0.0,0.0,0.0,0.0,0.0,0.0,0.0,0.0,1.0
254,260340,1.0,0.0,0.0,0.0,0.0,0.0,0.0,0.0,0.0,0.0,0.0,1.0
255,260345,5.0,0.0,0.0,0.0,0.0,0.0,0.0,0.0,0.0,0.0,0.0,5.0
256,260380,0.0,0.0,0.0,1.0,0.0,2.0,0.0,0.0,0.0,0.0,0.0,3.0
257,260400,1.0,1.0,1.0,0.0,0.0,0.0,0.0,0.0,0.0,0.0,1.0,4.0
258,260410,9.0,4.0,12.0,2.0,0.0,0.0,0.0,0.0,0.0,0.0,1.0,28.0
259,260450,1.0,0.0,0.0,0.0,0.0,0.0,0.0,0.0,0.0,0.0,0.0,1.0
260,260460,3.0,0.0,0.0,0.0,0.0,0.0,0.0,0.0,0.0,0.0,0.0,3.0
261,260500,0.0,0.0,1.0,0.0,0.0,0.0,0.0,0.0,0.0,0.0,1.0,2.0
262,260510,4.0,0.0,0.0,0.0,0.0,0.0,0.0,0.0,0.0,0.0,0.0,4.0
263,260520,6.0,0.0,0.0,0.0,0.0,0.0,0.0,0.0,0.0,0.0,0.0,6.0
264,260580,0.0,0.0,1.0,0.0,0.0,0.0,0.0,0.0,0.0,0.0,0.0,1.0
265,260590,1.0,0.0,0.0,0.0,0.0,0.0,0.0,0.0,0.0,0.0,0.0,1.0
266,260610,1.0,0.0,1.0,0.0,0.0,0.0,0.0,0.0,0.0,0.0,0.0,2.0
267,260620,12.0,1.0,10.0,4.0,0.0,0.0,0.0,0.0,0.0,0.0,2.0,29.0
268,260640,0.0,0.0,1.0,1.0,0.0,0.0,0.0,0.0,0.0,0.0,0.0,2.0
269,260660,7.0,0.0,0.0,0.0,0.0,0.0,0.0,0.0,0.0,0.0,0.0,7.0
270,260680,2.0,0.0,0.0,3.0,1.0,0.0,0.0,0.0,0.0,0.0,0.0,6.0
271,260720,4.0,0.0,0.0,0.0,0.0,0.0,0.0,0.0,0.0,0.0,0.0,4.0
272,260750,0.0,0.0,1.0,0.0,0.0,0.0,0.0,0.0,0.0,0.0,0.0,1.0
273,260790,7.0,1.0,6.0,2.0,1.0,2.0,0.0,0.0,0.0,0.0,1.0,20.0
274,260800,0.0,0.0,1.0,0.0,0.0,0.0,1.0,0.0,0.0,0.0,0.0,2.0
275,260845,2.0,1.0,1.0,0.0,0.0,0.0,0.0,0.0,0.0,0.0,1.0,5.0
276,260850,0.0,0.0,0.0,0.0,0.0,0.0,0.0,0.0,0.0,0.0,1.0,1.0
277,260880,9.0,0.0,0.0,0.0,0.0,0.0,0.0,0.0,0.0,0.0,0.0,9.0
278,260890,2.0,0.0,1.0,0.0,0.0,0.0,0.0,0.0,0.0,0.0,0.0,3.0
279,260950,0.0,0.0,1.0,0.0,0.0,0.0,0.0,0.0,0.0,0.0,0.0,1.0
280,260960,9.0,1.0,0.0,0.0,1.0,0.0,0.0,0.0,0.0,0.0,1.0,12.0
281,260990,1.0,0.0,0.0,0.0,0.0,0.0,0.0,0.0,0.0,0.0,0.0,1.0
282,261000,1.0,0.0,0.0,0.0,0.0,0.0,0.0,0.0,0.0,0.0,0.0,1.0
283,261070,9.0,1.0,3.0,1.0,3.0,0.0,0.0,0.0,0.0,0.0,1.0,18.0
284,261090,2.0,0.0,1.0,0.0,0.0,0.0,0.0,0.0,0.0,0.0,0.0,3.0
285,261110,2.0,0.0,0.0,1.0,0.0,0.0,0.0,0.0,0.0,0.0,0.0,3.0
286,261160,137.0,16.0,29.0,8.0,7.0,5.0,3.0,0.0,0.0,0.0,5.0,210.0
287,261170,2.0,0.0,0.0,0.0,0.0,0.0,0.0,0.0,0.0,0.0,0.0,2.0
288,261250,20.0,14.0,13.0,6.0,3.0,3.0,1.0,0.0,0.0,0.0,6.0,66.0
289,261270,0.0,0.0,1.0,1.0,0.0,0.0,0.0,0.0,0.0,0.0,0.0,2.0
290,261300,0.0,0.0,1.0,0.0,0.0,0.0,0.0,0.0,0.0,0.0,0.0,1.0
291,261310,1.0,0.0,0.0,0.0,0.0,0.0,0.0,0.0,0.0,0.0,0.0,1.0
292,261370,1.0,0.0,0.0,0.0,0.0,0.0,0.0,0.0,0.0,0.0,0.0,1.0
293,261410,1.0,0.0,0.0,2.0,0.0,0.0,0.0,0.0,0.0,0.0,0.0,3.0
294,261420,1.0,0.0,0.0,0.0,1.0,0.0,0.0,0.0,0.0,0.0,0.0,2.0
295,261450,1.0,0.0,1.0,0.0,0.0,0.0,0.0,0.0,0.0,0.0,0.0,2.0
296,261470,0.0,0.0,0.0,1.0,0.0,0.0,0.0,0.0,0.0,0.0,0.0,1.0
297,261500,15.0,9.0,6.0,4.0,0.0,0.0,2.0,1.0,0.0,0.0,1.0,38.0
298,261520,0.0,1.0,0.0,0.0,0.0,0.0,0.0,0.0,0.0,0.0,0.0,1.0
299,261530,0.0,0.0,0.0,0.0,0.0,1.0,0.0,0.0,0.0,0.0,0.0,1.0
300,261540,6.0,6.0,5.0,1.0,1.0,3.0,1.0,0.0,0.0,0.0,2.0,25.0
301,261550,1.0,0.0,0.0,0.0,0.0,0.0,0.0,0.0,0.0,0.0,0.0,1.0
302,261620,5.0,3.0,5.0,1.0,1.0,0.0,0.0,0.0,0.0,0.0,0.0,15.0
303,261640,12.0,0.0,1.0,0.0,0.0,1.0,0.0,0.0,0.0,0.0,0.0,14.0
304,270030,2.0,0.0,0.0,0.0,0.0,0.0,0.0,0.0,0.0,0.0,0.0,2.0
305,270170,10.0,0.0,0.0,0.0,0.0,0.0,0.0,0.0,0.0,0.0,0.0,10.0
306,270180,1.0,0.0,0.0,0.0,0.0,0.0,0.0,0.0,0.0,0.0,0.0,1.0
307,270430,7.0,3.0,4.0,3.0,0.0,1.0,1.0,0.0,0.0,0.0,0.0,19.0
308,270440,1.0,0.0,0.0,0.0,0.0,0.0,0.0,0.0,0.0,0.0,0.0,1.0
309,270450,1.0,0.0,0.0,0.0,0.0,0.0,0.0,0.0,0.0,0.0,0.0,1.0
310,270500,1.0,2.0,3.0,0.0,0.0,0.0,0.0,0.0,0.0,0.0,0.0,6.0
311,270630,0.0,0.0,0.0,0.0,1.0,0.0,0.0,0.0,0.0,0.0,0.0,1.0
312,270640,0.0,0.0,0.0,1.0,0.0,0.0,0.0,0.0,0.0,0.0,0.0,1.0
313,270710,0.0,0.0,0.0,0.0,0.0,0.0,0.0,0.0,0.0,0.0,1.0,1.0
314,270800,2.0,0.0,3.0,0.0,0.0,0.0,0.0,0.0,0.0,0.0,0.0,5.0
315,270840,1.0,0.0,0.0,0.0,0.0,0.0,0.0,0.0,0.0,0.0,0.0,1.0
316,280030,1.0,2.0,2.0,0.0,0.0,0.0,0.0,0.0,0.0,0.0,0.0,5.0
317,280210,1.0,0.0,0.0,0.0,1.0,0.0,0.0,0.0,0.0,0.0,0.0,2.0
318,280580,0.0,0.0,1.0,0.0,0.0,0.0,0.0,0.0,0.0,0.0,0.0,1.0
319,280710,0.0,1.0,4.0,0.0,0.0,0.0,2.0,0.0,0.0,0.0,0.0,7.0
320,290080,1.0,0.0,0.0,0.0,0.0,0.0,0.0,0.0,0.0,0.0,0.0,1.0
321,290135,0.0,0.0,1.0,0.0,0.0,0.0,1.0,0.0,0.0,0.0,0.0,2.0
322,290210,1.0,0.0,0.0,0.0,0.0,0.0,0.0,0.0,0.0,0.0,0.0,1.0
323,290350,1.0,0.0,0.0,0.0,0.0,0.0,0.0,0.0,0.0,0.0,0.0,1.0
324,290360,0.0,0.0,1.0,0.0,0.0,0.0,0.0,0.0,0.0,0.0,0.0,1.0
325,290520,0.0,1.0,1.0,0.0,0.0,0.0,0.0,0.0,0.0,0.0,0.0,2.0
326,290540,1.0,0.0,0.0,1.0,0.0,0.0,0.0,0.0,0.0,0.0,0.0,2.0
327,290560,2.0,0.0,0.0,0.0,0.0,0.0,0.0,0.0,0.0,0.0,0.0,2.0
328,290570,1.0,0.0,0.0,0.0,0.0,0.0,0.0,0.0,0.0,0.0,0.0,1.0
329,290650,0.0,0.0,0.0,0.0,0.0,2.0,0.0,0.0,0.0,0.0,0.0,2.0
330,290820,0.0,2.0,0.0,0.0,0.0,0.0,0.0,0.0,0.0,0.0,0.0,2.0
331,290840,0.0,2.0,0.0,0.0,0.0,0.0,0.0,0.0,0.0,0.0,0.0,2.0
332,291080,1.0,8.0,3.0,1.0,1.0,0.0,0.0,0.0,0.0,0.0,1.0,15.0
333,291120,2.0,0.0,3.0,0.0,0.0,0.0,0.0,0.0,0.0,0.0,0.0,5.0
334,291185,1.0,0.0,0.0,0.0,0.0,0.0,0.0,0.0,0.0,0.0,0.0,1.0
335,291360,0.0,0.0,3.0,1.0,0.0,0.0,0.0,0.0,0.0,0.0,0.0,4.0
336,291390,0.0,1.0,0.0,0.0,0.0,0.0,0.0,0.0,0.0,0.0,0.0,1.0
337,291450,0.0,0.0,1.0,0.0,0.0,0.0,0.0,0.0,0.0,0.0,0.0,1.0
338,291480,2.0,0.0,0.0,0.0,0.0,0.0,0.0,0.0,0.0,0.0,0.0,2.0
339,291650,1.0,0.0,0.0,0.0,0.0,0.0,0.0,0.0,0.0,0.0,0.0,1.0
340,291730,1.0,2.0,0.0,0.0,0.0,0.0,0.0,0.0,0.0,0.0,0.0,3.0
341,291750,0.0,0.0,0.0,0.0,0.0,1.0,0.0,0.0,0.0,0.0,0.0,1.0
342,291840,0.0,0.0,0.0,0.0,0.0,0.0,0.0,0.0,0.0,0.0,1.0,1.0
343,291920,0.0,0.0,0.0,1.0,0.0,0.0,0.0,0.0,0.0,0.0,0.0,1.0
344,291955,0.0,0.0,0.0,1.0,0.0,0.0,1.0,0.0,0.0,0.0,0.0,2.0
345,292200,0.0,0.0,0.0,0.0,0.0,0.0,0.0,0.0,0.0,0.0,1.0,1.0
346,292350,0.0,0.0,0.0,1.0,0.0,0.0,0.0,0.0,0.0,0.0,0.0,1.0
347,292380,0.0,0.0,0.0,0.0,1.0,0.0,0.0,0.0,0.0,0.0,0.0,1.0
348,292530,2.0,1.0,1.0,0.0,0.0,0.0,0.0,0.0,0.0,0.0,0.0,4.0
349,292560,1.0,0.0,0.0,0.0,0.0,0.0,0.0,0.0,0.0,0.0,0.0,1.0
350,292575,1.0,1.0,2.0,0.0,0.0,0.0,0.0,0.0,0.0,0.0,0.0,4.0
351,292590,2.0,0.0,0.0,0.0,0.0,0.0,0.0,0.0,0.0,0.0,0.0,2.0
352,292660,2.0,0.0,0.0,0.0,0.0,0.0,0.0,0.0,0.0,0.0,0.0,2.0
353,292740,6.0,2.0,4.0,1.0,0.0,0.0,0.0,0.0,0.0,0.0,1.0,14.0
354,292860,1.0,0.0,0.0,0.0,0.0,0.0,0.0,0.0,0.0,0.0,0.0,1.0
355,292870,0.0,0.0,0.0,0.0,0.0,0.0,1.0,0.0,0.0,0.0,0.0,1.0
356,293050,0.0,0.0,1.0,0.0,0.0,0.0,0.0,0.0,0.0,0.0,0.0,1.0
357,293080,0.0,0.0,1.0,0.0,0.0,0.0,0.0,0.0,0.0,0.0,0.0,1.0
358,310150,0.0,1.0,0.0,0.0,0.0,0.0,0.0,0.0,0.0,0.0,0.0,1.0
359,310350,2.0,0.0,0.0,0.0,0.0,0.0,0.0,0.0,0.0,0.0,0.0,2.0
360,310530,0.0,0.0,1.0,0.0,0.0,0.0,0.0,0.0,0.0,0.0,0.0,1.0
361,310620,31.0,4.0,17.0,8.0,2.0,3.0,4.0,0.0,0.0,0.0,3.0,72.0
362,310670,3.0,0.0,0.0,0.0,0.0,0.0,0.0,0.0,0.0,0.0,0.0,3.0
363,310730,0.0,0.0,1.0,0.0,0.0,0.0,0.0,0.0,0.0,0.0,0.0,1.0
364,310830,0.0,0.0,0.0,0.0,0.0,0.0,0.0,0.0,0.0,0.0,1.0,1.0
365,310950,1.0,0.0,0.0,0.0,0.0,0.0,0.0,0.0,0.0,0.0,0.0,1.0
366,311050,0.0,0.0,1.0,0.0,0.0,0.0,0.0,0.0,0.0,0.0,0.0,1.0
367,311450,0.0,0.0,1.0,0.0,0.0,0.0,0.0,0.0,0.0,0.0,0.0,1.0
368,311580,1.0,0.0,0.0,0.0,0.0,0.0,0.0,0.0,0.0,0.0,0.0,1.0
369,311660,0.0,0.0,0.0,0.0,2.0,0.0,0.0,0.0,0.0,0.0,0.0,2.0
370,311700,1.0,0.0,0.0,0.0,0.0,0.0,0.0,0.0,0.0,0.0,0.0,1.0
371,311830,0.0,0.0,1.0,0.0,0.0,0.0,0.0,0.0,0.0,0.0,0.0,1.0
372,312230,0.0,0.0,0.0,1.0,0.0,0.0,0.0,0.0,0.0,0.0,0.0,1.0
373,312595,1.0,0.0,0.0,0.0,0.0,0.0,0.0,0.0,0.0,0.0,0.0,1.0
374,312710,1.0,0.0,0.0,0.0,0.0,0.0,0.0,0.0,0.0,0.0,0.0,1.0
375,312860,1.0,0.0,0.0,0.0,0.0,0.0,0.0,0.0,0.0,0.0,0.0,1.0
376,313130,1.0,0.0,0.0,0.0,0.0,0.0,0.0,0.0,0.0,0.0,0.0,1.0
377,313160,1.0,0.0,0.0,0.0,0.0,0.0,0.0,0.0,0.0,0.0,0.0,1.0
378,313300,0.0,0.0,1.0,0.0,0.0,0.0,0.0,0.0,0.0,0.0,0.0,1.0
379,313380,0.0,0.0,1.0,0.0,0.0,0.0,0.0,0.0,0.0,0.0,0.0,1.0
380,313440,0.0,0.0,0.0,0.0,0.0,1.0,0.0,0.0,0.0,0.0,0.0,1.0
381,313670,2.0,4.0,0.0,1.0,2.0,0.0,0.0,0.0,0.0,0.0,0.0,9.0
382,313820,1.0,0.0,0.0,0.0,0.0,0.0,0.0,0.0,0.0,0.0,0.0,1.0
383,313860,1.0,0.0,0.0,0.0,0.0,0.0,0.0,0.0,0.0,0.0,0.0,1.0
384,314000,1.0,0.0,0.0,0.0,0.0,0.0,0.0,0.0,0.0,0.0,0.0,1.0
385,314160,0.0,0.0,0.0,0.0,1.0,0.0,2.0,0.0,0.0,0.0,0.0,3.0
386,314220,0.0,0.0,1.0,0.0,0.0,0.0,0.0,0.0,0.0,0.0,0.0,1.0
387,314300,1.0,0.0,0.0,0.0,0.0,0.0,0.0,0.0,0.0,0.0,0.0,1.0
388,314330,0.0,0.0,1.0,0.0,0.0,0.0,0.0,0.0,0.0,0.0,0.0,1.0
389,314390,1.0,0.0,0.0,0.0,0.0,0.0,0.0,0.0,0.0,0.0,0.0,1.0
390,314480,8.0,0.0,0.0,0.0,0.0,0.0,0.0,0.0,0.0,0.0,0.0,8.0
391,314500,0.0,0.0,0.0,0.0,0.0,1.0,0.0,0.0,0.0,0.0,0.0,1.0
392,314520,2.0,0.0,0.0,0.0,0.0,0.0,0.0,0.0,0.0,0.0,0.0,2.0
393,314535,1.0,0.0,0.0,0.0,0.0,0.0,0.0,0.0,0.0,0.0,0.0,1.0
394,314590,1.0,0.0,0.0,0.0,0.0,0.0,0.0,0.0,0.0,0.0,0.0,1.0
395,314690,0.0,0.0,0.0,0.0,0.0,0.0,0.0,0.0,0.0,0.0,0.0,0.0
396,314760,1.0,0.0,1.0,0.0,0.0,0.0,0.0,0.0,0.0,0.0,0.0,2.0
397,314790,1.0,0.0,0.0,0.0,0.0,0.0,0.0,0.0,0.0,0.0,0.0,1.0
398,314910,0.0,0.0,0.0,1.0,0.0,0.0,0.0,0.0,0.0,0.0,0.0,1.0
399,314930,1.0,0.0,0.0,0.0,0.0,0.0,0.0,0.0,0.0,0.0,0.0,1.0
400,315170,1.0,0.0,1.0,0.0,0.0,0.0,0.0,0.0,0.0,0.0,0.0,2.0
401,315180,1.0,0.0,0.0,1.0,0.0,0.0,0.0,0.0,0.0,0.0,0.0,2.0
402,315250,2.0,1.0,1.0,0.0,1.0,0.0,1.0,0.0,0.0,0.0,0.0,6.0
403,315460,1.0,1.0,0.0,0.0,0.0,0.0,0.0,0.0,0.0,0.0,0.0,2.0
404,315480,0.0,1.0,0.0,0.0,0.0,0.0,0.0,0.0,0.0,0.0,0.0,1.0
405,315580,0.0,0.0,0.0,0.0,0.0,0.0,1.0,0.0,0.0,0.0,0.0,1.0
406,315600,0.0,0.0,0.0,0.0,0.0,1.0,0.0,0.0,0.0,0.0,0.0,1.0
407,315727,1.0,0.0,0.0,0.0,0.0,0.0,0.0,0.0,0.0,0.0,0.0,1.0
408,315780,1.0,0.0,0.0,0.0,0.0,0.0,0.0,0.0,0.0,0.0,0.0,1.0
409,315990,0.0,0.0,0.0,0.0,0.0,0.0,0.0,0.0,0.0,0.0,1.0,1.0
410,316370,1.0,0.0,0.0,0.0,0.0,0.0,0.0,0.0,0.0,0.0,0.0,1.0
411,316470,0.0,1.0,0.0,0.0,0.0,0.0,0.0,0.0,0.0,0.0,0.0,1.0
412,316720,0.0,0.0,0.0,0.0,1.0,0.0,0.0,0.0,0.0,0.0,0.0,1.0
413,316910,1.0,0.0,0.0,0.0,0.0,0.0,0.0,0.0,0.0,0.0,0.0,1.0
414,316940,1.0,0.0,0.0,0.0,0.0,0.0,0.0,0.0,0.0,0.0,0.0,1.0
415,316990,1.0,0.0,0.0,0.0,0.0,0.0,0.0,1.0,0.0,0.0,0.0,2.0
416,317020,9.0,0.0,8.0,3.0,0.0,1.0,1.0,0.0,0.0,0.0,4.0,26.0
417,317040,0.0,0.0,1.0,0.0,0.0,0.0,0.0,0.0,0.0,0.0,0.0,1.0
418,317120,1.0,0.0,0.0,0.0,0.0,0.0,0.0,0.0,0.0,0.0,0.0,1.0
419,317130,1.0,0.0,0.0,0.0,0.0,0.0,0.0,0.0,0.0,0.0,0.0,1.0
420,317200,1.0,0.0,0.0,0.0,0.0,0.0,0.0,0.0,0.0,0.0,0.0,1.0
421,320020,0.0,1.0,0.0,0.0,0.0,0.0,0.0,0.0,0.0,0.0,0.0,1.0
422,320130,1.0,1.0,0.0,0.0,0.0,0.0,0.0,0.0,0.0,0.0,0.0,2.0
423,320150,0.0,0.0,1.0,0.0,0.0,0.0,0.0,0.0,0.0,0.0,0.0,1.0
424,320240,0.0,0.0,1.0,0.0,0.0,0.0,0.0,0.0,0.0,0.0,0.0,1.0
425,320270,0.0,0.0,0.0,1.0,0.0,1.0,0.0,0.0,0.0,0.0,0.0,2.0
426,320530,0.0,0.0,1.0,0.0,1.0,0.0,0.0,0.0,0.0,0.0,0.0,2.0
427,330010,2.0,0.0,0.0,0.0,0.0,0.0,0.0,0.0,0.0,0.0,0.0,2.0
428,330020,0.0,1.0,0.0,0.0,0.0,0.0,0.0,0.0,0.0,0.0,0.0,1.0
429,330023,0.0,1.0,0.0,0.0,0.0,0.0,0.0,0.0,0.0,0.0,0.0,1.0
430,330030,0.0,0.0,0.0,0.0,1.0,0.0,0.0,0.0,0.0,0.0,0.0,1.0
431,330040,0.0,0.0,0.0,1.0,0.0,0.0,0.0,0.0,0.0,0.0,0.0,1.0
432,330045,32.0,0.0,2.0,0.0,0.0,2.0,0.0,0.0,0.0,0.0,1.0,37.0
433,330095,0.0,0.0,0.0,0.0,0.0,0.0,1.0,0.0,0.0,0.0,0.0,1.0
434,330100,0.0,0.0,1.0,0.0,0.0,0.0,0.0,0.0,0.0,0.0,0.0,1.0
435,330130,0.0,0.0,0.0,0.0,0.0,0.0,0.0,1.0,0.0,0.0,0.0,1.0
436,330170,282.0,8.0,32.0,8.0,8.0,28.0,0.0,0.0,0.0,0.0,13.0,379.0
437,330187,1.0,0.0,0.0,0.0,0.0,0.0,0.0,0.0,0.0,0.0,0.0,1.0
438,330190,3.0,0.0,4.0,0.0,0.0,0.0,1.0,0.0,0.0,0.0,0.0,8.0
439,330200,1.0,1.0,0.0,0.0,1.0,0.0,0.0,0.0,0.0,0.0,0.0,3.0
440,330220,1.0,0.0,0.0,1.0,0.0,0.0,0.0,0.0,0.0,0.0,0.0,2.0
441,330240,1.0,3.0,1.0,4.0,0.0,0.0,0.0,1.0,0.0,0.0,0.0,10.0
442,330250,25.0,3.0,2.0,2.0,0.0,1.0,1.0,0.0,0.0,0.0,1.0,35.0
443,330260,0.0,0.0,1.0,0.0,0.0,0.0,0.0,0.0,0.0,0.0,0.0,1.0
444,330280,0.0,0.0,1.0,0.0,0.0,0.0,0.0,0.0,0.0,0.0,0.0,1.0
445,330285,1.0,0.0,0.0,3.0,1.0,0.0,1.0,0.0,0.0,0.0,0.0,6.0
446,330320,12.0,6.0,2.0,0.0,1.0,1.0,0.0,0.0,0.0,0.0,1.0,23.0
447,330330,21.0,25.0,40.0,15.0,4.0,2.0,2.0,0.0,0.0,0.0,2.0,111.0
448,330340,2.0,4.0,17.0,10.0,1.0,0.0,1.0,0.0,0.0,0.0,1.0,36.0
449,330350,53.0,13.0,21.0,6.0,1.0,10.0,1.0,0.0,0.0,0.0,9.0,114.0
450,330380,6.0,0.0,2.0,0.0,2.0,1.0,2.0,0.0,0.0,0.0,1.0,14.0
451,330385,0.0,0.0,2.0,0.0,0.0,0.0,0.0,0.0,0.0,0.0,0.0,2.0
452,330390,6.0,2.0,2.0,1.0,3.0,0.0,0.0,0.0,0.0,0.0,1.0,15.0
453,330411,0.0,0.0,1.0,0.0,0.0,0.0,0.0,0.0,0.0,0.0,0.0,1.0
454,330414,22.0,0.0,0.0,0.0,0.0,1.0,0.0,0.0,0.0,0.0,0.0,23.0
455,330420,0.0,0.0,1.0,0.0,0.0,0.0,0.0,0.0,0.0,0.0,0.0,1.0
456,330430,1.0,2.0,3.0,1.0,1.0,0.0,0.0,0.0,0.0,0.0,0.0,8.0
457,330452,1.0,1.0,1.0,0.0,0.0,0.0,0.0,0.0,0.0,0.0,0.0,3.0
458,330455,147.0,161.0,295.0,104.0,28.0,14.0,28.0,2.0,0.0,1.0,11.0,791.0
459,330490,6.0,3.0,5.0,2.0,2.0,1.0,1.0,0.0,0.0,0.0,2.0,22.0
460,330510,23.0,8.0,6.0,1.0,0.0,3.0,1.0,0.0,0.0,0.0,7.0,49.0
461,330520,2.0,0.0,0.0,0.0,0.0,0.0,0.0,0.0,0.0,0.0,0.0,2.0
462,330550,0.0,0.0,1.0,0.0,0.0,0.0,0.0,0.0,0.0,0.0,0.0,1.0
463,330580,0.0,14.0,11.0,2.0,0.0,0.0,1.0,0.0,0.0,0.0,1.0,29.0
464,330610,0.0,11.0,14.0,0.0,0.0,0.0,0.0,0.0,0.0,0.0,0.0,25.0
465,330630,0.0,2.0,0.0,0.0,0.0,1.0,0.0,0.0,0.0,0.0,0.0,3.0
466,350010,2.0,0.0,0.0,0.0,0.0,0.0,0.0,0.0,0.0,0.0,0.0,2.0
467,350050,0.0,0.0,1.0,0.0,0.0,0.0,0.0,0.0,0.0,0.0,0.0,1.0
468,350070,1.0,0.0,0.0,0.0,0.0,1.0,0.0,0.0,0.0,0.0,0.0,2.0
469,350100,2.0,0.0,0.0,0.0,0.0,1.0,0.0,0.0,0.0,0.0,0.0,3.0
470,350115,1.0,0.0,0.0,0.0,0.0,0.0,0.0,0.0,0.0,0.0,0.0,1.0
471,350150,3.0,0.0,0.0,0.0,0.0,0.0,0.0,0.0,0.0,0.0,0.0,3.0
472,350160,1.0,2.0,0.0,1.0,4.0,2.0,1.0,0.0,0.0,0.0,0.0,11.0
473,350190,4.0,0.0,1.0,0.0,0.0,0.0,0.0,0.0,0.0,0.0,0.0,5.0
474,350210,3.0,0.0,1.0,0.0,0.0,0.0,0.0,0.0,0.0,0.0,0.0,4.0
475,350220,6.0,0.0,0.0,0.0,0.0,1.0,0.0,0.0,0.0,0.0,0.0,7.0
476,350240,0.0,0.0,1.0,0.0,0.0,1.0,0.0,0.0,0.0,0.0,0.0,2.0
477,350250,0.0,0.0,1.0,0.0,0.0,0.0,1.0,0.0,0.0,0.0,0.0,2.0
478,350275,3.0,0.0,2.0,0.0,0.0,1.0,0.0,0.0,0.0,0.0,1.0,7.0
479,350280,10.0,1.0,3.0,0.0,0.0,1.0,0.0,0.0,0.0,0.0,1.0,16.0
480,350310,1.0,0.0,0.0,0.0,0.0,0.0,0.0,0.0,0.0,0.0,0.0,1.0
481,350320,1.0,0.0,0.0,0.0,0.0,0.0,0.0,0.0,0.0,0.0,0.0,1.0
482,350330,4.0,7.0,3.0,2.0,0.0,0.0,1.0,0.0,0.0,0.0,0.0,17.0
483,350380,2.0,0.0,0.0,0.0,1.0,0.0,1.0,0.0,0.0,0.0,0.0,4.0
484,350390,21.0,5.0,26.0,7.0,5.0,3.0,2.0,1.0,0.0,0.0,2.0,72.0
485,350400,2.0,0.0,0.0,0.0,0.0,0.0,0.0,0.0,0.0,0.0,0.0,2.0
486,350410,26.0,6.0,11.0,9.0,4.0,2.0,0.0,0.0,0.0,0.0,1.0,59.0
487,350430,0.0,1.0,0.0,0.0,0.0,0.0,0.0,0.0,0.0,0.0,0.0,1.0
488,350450,0.0,0.0,0.0,0.0,0.0,1.0,0.0,0.0,0.0,0.0,0.0,1.0
489,350460,5.0,0.0,0.0,0.0,0.0,1.0,0.0,0.0,0.0,0.0,0.0,6.0
490,350520,0.0,0.0,1.0,1.0,0.0,0.0,0.0,0.0,0.0,0.0,0.0,2.0
491,350530,0.0,1.0,0.0,0.0,0.0,0.0,0.0,0.0,0.0,0.0,0.0,1.0
492,350550,7.0,0.0,1.0,0.0,0.0,1.0,0.0,0.0,0.0,0.0,0.0,9.0
493,350560,2.0,0.0,0.0,0.0,0.0,0.0,0.0,0.0,0.0,0.0,0.0,2.0
494,350570,213.0,56.0,142.0,50.0,21.0,9.0,15.0,1.0,0.0,0.0,9.0,516.0
495,350580,1.0,0.0,0.0,0.0,0.0,0.0,0.0,0.0,0.0,0.0,0.0,1.0
496,350600,21.0,17.0,29.0,10.0,7.0,5.0,1.0,1.0,0.0,0.0,2.0,93.0
497,350610,0.0,0.0,3.0,0.0,1.0,0.0,0.0,0.0,0.0,0.0,0.0,4.0
498,350635,12.0,9.0,16.0,3.0,0.0,1.0,0.0,0.0,0.0,0.0,1.0,42.0
499,350650,1.0,0.0,0.0,1.0,2.0,0.0,0.0,0.0,0.0,0.0,0.0,4.0
500,350660,0.0,1.0,0.0,0.0,0.0,0.0,0.0,0.0,0.0,0.0,0.0,1.0
501,350700,2.0,0.0,0.0,0.0,0.0,0.0,0.0,0.0,0.0,0.0,0.0,2.0
502,350710,1.0,0.0,1.0,1.0,0.0,1.0,0.0,0.0,0.0,0.0,0.0,4.0
503,350750,1.0,0.0,0.0,0.0,1.0,0.0,0.0,0.0,0.0,0.0,0.0,2.0
504,350760,19.0,0.0,10.0,2.0,0.0,3.0,1.0,1.0,0.0,0.0,0.0,36.0
505,350790,1.0,0.0,0.0,0.0,0.0,0.0,0.0,0.0,0.0,0.0,0.0,1.0
506,350810,1.0,0.0,0.0,0.0,0.0,1.0,0.0,0.0,0.0,0.0,0.0,2.0
507,350840,0.0,0.0,1.0,1.0,0.0,0.0,0.0,0.0,0.0,0.0,0.0,2.0
508,350850,11.0,4.0,4.0,1.0,1.0,6.0,1.0,0.0,0.0,0.0,4.0,32.0
509,350900,26.0,48.0,85.0,35.0,3.0,2.0,2.0,0.0,0.0,0.0,2.0,203.0
510,350920,4.0,3.0,9.0,5.0,3.0,0.0,0.0,0.0,0.0,0.0,0.0,24.0
511,350925,1.0,2.0,0.0,0.0,0.0,1.0,0.0,0.0,0.0,0.0,1.0,5.0
512,350930,0.0,0.0,0.0,0.0,0.0,0.0,0.0,0.0,1.0,0.0,0.0,1.0
513,350950,108.0,27.0,50.0,26.0,9.0,6.0,5.0,2.0,0.0,0.0,4.0,237.0
514,350960,6.0,6.0,8.0,4.0,2.0,0.0,1.0,0.0,0.0,0.0,1.0,28.0
515,350970,2.0,0.0,0.0,0.0,0.0,1.0,0.0,0.0,0.0,0.0,0.0,3.0
516,351000,3.0,0.0,2.0,1.0,0.0,0.0,0.0,0.0,0.0,0.0,1.0,7.0
517,351020,0.0,0.0,1.0,0.0,0.0,1.0,0.0,0.0,0.0,0.0,0.0,2.0
518,351030,7.0,1.0,0.0,0.0,0.0,0.0,0.0,0.0,0.0,0.0,0.0,8.0
519,351050,4.0,2.0,5.0,1.0,1.0,0.0,0.0,0.0,0.0,0.0,0.0,13.0
520,351060,35.0,12.0,41.0,11.0,3.0,2.0,1.0,1.0,0.0,0.0,2.0,108.0
521,351110,3.0,1.0,3.0,1.0,0.0,0.0,0.0,0.0,0.0,0.0,1.0,9.0
522,351150,2.0,1.0,1.0,0.0,1.0,0.0,0.0,0.0,0.0,0.0,0.0,5.0
523,351160,1.0,1.0,0.0,1.0,0.0,0.0,0.0,0.0,0.0,0.0,0.0,3.0
524,351210,1.0,0.0,0.0,0.0,0.0,0.0,0.0,0.0,0.0,0.0,0.0,1.0
525,351240,1.0,0.0,0.0,0.0,0.0,0.0,0.0,0.0,0.0,0.0,0.0,1.0
526,351250,2.0,1.0,0.0,0.0,0.0,0.0,0.0,0.0,0.0,0.0,0.0,3.0
527,351280,1.0,0.0,1.0,0.0,0.0,1.0,0.0,0.0,0.0,0.0,0.0,3.0
528,351300,40.0,16.0,53.0,20.0,9.0,7.0,2.0,0.0,0.0,0.0,0.0,147.0
529,351310,0.0,3.0,1.0,0.0,0.0,0.0,0.0,0.0,0.0,0.0,0.0,4.0
530,351340,8.0,1.0,6.0,0.0,0.0,0.0,2.0,0.0,0.0,0.0,0.0,17.0
531,351350,13.0,4.0,7.0,1.0,0.0,1.0,0.0,0.0,0.0,0.0,1.0,27.0
532,351370,0.0,0.0,1.0,0.0,0.0,0.0,0.0,0.0,0.0,0.0,0.0,1.0
533,351380,44.0,18.0,45.0,12.0,1.0,1.0,3.0,0.0,0.0,0.0,2.0,126.0
534,351390,0.0,0.0,3.0,1.0,4.0,0.0,1.0,0.0,0.0,0.0,0.0,9.0
535,351410,2.0,0.0,0.0,0.0,0.0,0.0,0.0,0.0,0.0,0.0,0.0,2.0
536,351430,0.0,0.0,1.0,0.0,0.0,0.0,0.0,0.0,0.0,0.0,0.0,1.0
537,351440,0.0,0.0,2.0,0.0,0.0,1.0,0.0,0.0,0.0,0.0,0.0,3.0
538,351450,0.0,0.0,1.0,0.0,0.0,1.0,0.0,0.0,0.0,0.0,0.0,2.0
539,351500,19.0,11.0,15.0,7.0,1.0,2.0,0.0,0.0,0.0,0.0,1.0,56.0
540,351510,8.0,3.0,6.0,3.0,0.0,2.0,0.0,0.0,0.0,0.0,1.0,23.0
541,351515,1.0,0.0,0.0,0.0,0.0,1.0,0.0,0.0,0.0,0.0,0.0,2.0
542,351518,1.0,0.0,0.0,0.0,0.0,0.0,0.0,0.0,0.0,0.0,0.0,1.0
543,351550,57.0,4.0,3.0,7.0,4.0,9.0,4.0,1.0,1.0,0.0,10.0,100.0
544,351570,3.0,5.0,19.0,8.0,2.0,1.0,2.0,0.0,0.0,0.0,0.0,40.0
545,351600,0.0,1.0,0.0,0.0,0.0,0.0,0.0,0.0,0.0,0.0,0.0,1.0
546,351620,4.0,3.0,7.0,8.0,0.0,0.0,2.0,0.0,0.0,0.0,1.0,25.0
547,351630,105.0,90.0,163.0,46.0,8.0,20.0,6.0,0.0,0.0,0.0,6.0,444.0
548,351640,71.0,84.0,156.0,52.0,11.0,14.0,3.0,1.0,0.0,0.0,12.0,404.0
549,351670,2.0,0.0,1.0,1.0,0.0,1.0,1.0,0.0,0.0,0.0,0.0,6.0
550,351690,0.0,0.0,1.0,0.0,0.0,0.0,0.0,0.0,0.0,0.0,0.0,1.0
551,351700,1.0,0.0,0.0,0.0,0.0,0.0,0.0,0.0,0.0,0.0,0.0,1.0
552,351740,3.0,0.0,0.0,0.0,0.0,0.0,0.0,0.0,0.0,0.0,0.0,3.0
553,351750,1.0,0.0,0.0,0.0,0.0,0.0,0.0,0.0,0.0,0.0,0.0,1.0
554,351830,26.0,1.0,5.0,1.0,0.0,1.0,0.0,0.0,0.0,0.0,2.0,36.0
555,351840,2.0,0.0,1.0,1.0,0.0,0.0,1.0,0.0,0.0,0.0,0.0,5.0
556,351860,0.0,0.0,2.0,1.0,0.0,3.0,0.0,0.0,0.0,0.0,0.0,6.0
557,351870,32.0,3.0,9.0,3.0,1.0,1.0,1.0,0.0,0.0,0.0,2.0,52.0
558,351880,271.0,101.0,254.0,105.0,33.0,21.0,15.0,2.0,1.0,0.0,23.0,826.0
559,351905,0.0,0.0,1.0,0.0,0.0,0.0,0.0,0.0,0.0,0.0,0.0,1.0
560,351907,17.0,0.0,0.0,1.0,0.0,1.0,0.0,0.0,0.0,0.0,0.0,19.0
561,351920,1.0,0.0,0.0,0.0,0.0,0.0,0.0,0.0,0.0,0.0,0.0,1.0
562,351930,1.0,0.0,1.0,2.0,0.0,0.0,0.0,0.0,0.0,0.0,0.0,4.0
563,351940,1.0,0.0,0.0,0.0,0.0,0.0,0.0,0.0,0.0,0.0,0.0,1.0
564,351950,0.0,0.0,0.0,0.0,1.0,0.0,0.0,0.0,0.0,0.0,1.0,2.0
565,351960,1.0,1.0,0.0,0.0,0.0,0.0,1.0,0.0,0.0,0.0,1.0,4.0
566,351970,1.0,0.0,0.0,0.0,0.0,0.0,0.0,0.0,0.0,0.0,0.0,1.0
567,352000,3.0,0.0,0.0,0.0,0.0,0.0,0.0,0.0,0.0,0.0,0.0,3.0
568,352030,0.0,0.0,0.0,1.0,0.0,0.0,0.0,0.0,0.0,0.0,0.0,1.0
569,352040,0.0,1.0,4.0,0.0,0.0,1.0,1.0,0.0,0.0,0.0,0.0,7.0
570,352044,2.0,0.0,0.0,0.0,0.0,0.0,0.0,0.0,0.0,0.0,0.0,2.0
571,352050,22.0,3.0,10.0,2.0,1.0,0.0,0.0,0.0,0.0,0.0,2.0,40.0
572,352090,0.0,1.0,0.0,0.0,0.0,0.0,0.0,0.0,0.0,0.0,0.0,1.0
573,352100,1.0,1.0,0.0,0.0,0.0,0.0,0.0,0.0,0.0,0.0,1.0,3.0
574,352210,6.0,0.0,3.0,1.0,1.0,2.0,1.0,0.0,0.0,0.0,0.0,14.0
575,352220,35.0,14.0,15.0,9.0,1.0,1.0,3.0,0.0,0.0,0.0,2.0,80.0
576,352230,11.0,1.0,3.0,4.0,0.0,2.0,0.0,0.0,0.0,0.0,2.0,23.0
577,352240,1.0,0.0,1.0,0.0,0.0,0.0,0.0,0.0,0.0,0.0,0.0,2.0
578,352250,30.0,9.0,23.0,5.0,0.0,2.0,0.0,0.0,0.0,0.0,2.0,71.0
579,352260,0.0,0.0,2.0,2.0,0.0,0.0,0.0,0.0,0.0,0.0,0.0,4.0
580,352270,2.0,0.0,0.0,0.0,0.0,0.0,0.0,0.0,0.0,0.0,0.0,2.0
581,352280,0.0,0.0,0.0,0.0,0.0,0.0,1.0,0.0,0.0,0.0,0.0,1.0
582,352290,2.0,0.0,0.0,0.0,0.0,0.0,0.0,0.0,0.0,0.0,0.0,2.0
583,352310,64.0,30.0,64.0,18.0,1.0,5.0,3.0,0.0,0.0,0.0,0.0,185.0
584,352340,3.0,2.0,2.0,1.0,0.0,1.0,0.0,0.0,0.0,0.0,0.0,9.0
585,352360,0.0,0.0,0.0,1.0,0.0,0.0,0.0,0.0,0.0,0.0,0.0,1.0
586,352380,0.0,0.0,1.0,0.0,0.0,0.0,0.0,0.0,0.0,0.0,0.0,1.0
587,352390,26.0,1.0,11.0,3.0,0.0,1.0,0.0,0.0,0.0,0.0,2.0,44.0
588,352400,2.0,0.0,2.0,0.0,0.0,0.0,0.0,0.0,0.0,0.0,0.0,4.0
589,352420,2.0,0.0,0.0,0.0,0.0,0.0,0.0,0.0,0.0,0.0,0.0,2.0
590,352430,2.0,1.0,2.0,0.0,0.0,1.0,1.0,0.0,0.0,0.0,0.0,7.0
591,352440,2.0,2.0,4.0,2.0,2.0,0.0,0.0,0.0,0.0,0.0,1.0,13.0
592,352470,18.0,0.0,1.0,1.0,0.0,2.0,0.0,0.0,0.0,0.0,0.0,22.0
593,352480,0.0,2.0,1.0,0.0,0.0,0.0,0.0,0.0,0.0,0.0,0.0,3.0
594,352500,9.0,8.0,15.0,7.0,8.0,1.0,0.0,0.0,0.0,0.0,0.0,48.0
595,352520,0.0,0.0,1.0,0.0,0.0,0.0,0.0,0.0,0.0,0.0,0.0,1.0
596,352530,5.0,4.0,5.0,5.0,1.0,0.0,0.0,0.0,0.0,0.0,0.0,20.0
597,352550,3.0,0.0,0.0,0.0,1.0,0.0,1.0,0.0,0.0,0.0,0.0,5.0
598,352570,4.0,0.0,0.0,0.0,0.0,0.0,0.0,0.0,0.0,0.0,0.0,4.0
599,352585,0.0,0.0,1.0,0.0,0.0,0.0,0.0,0.0,0.0,0.0,0.0,1.0
600,352590,57.0,24.0,47.0,37.0,6.0,3.0,7.0,0.0,0.0,0.0,1.0,182.0
601,352600,2.0,1.0,1.0,0.0,0.0,0.0,0.0,0.0,0.0,0.0,0.0,4.0
602,352610,1.0,0.0,0.0,0.0,0.0,0.0,0.0,0.0,0.0,0.0,0.0,1.0
603,352620,0.0,0.0,2.0,0.0,1.0,0.0,0.0,0.0,0.0,0.0,0.0,3.0
604,352640,0.0,0.0,1.0,0.0,0.0,0.0,0.0,0.0,0.0,0.0,0.0,1.0
605,352670,1.0,0.0,1.0,1.0,0.0,0.0,0.0,0.0,0.0,0.0,0.0,3.0
606,352690,29.0,13.0,9.0,3.0,0.0,0.0,0.0,0.0,0.0,0.0,0.0,54.0
607,352710,1.0,0.0,0.0,0.0,0.0,0.0,0.0,0.0,0.0,0.0,0.0,1.0
608,352720,5.0,0.0,3.0,1.0,0.0,1.0,2.0,0.0,0.0,0.0,0.0,12.0
609,352730,2.0,2.0,1.0,0.0,0.0,0.0,0.0,0.0,0.0,0.0,1.0,6.0
610,352740,1.0,0.0,0.0,0.0,0.0,0.0,0.0,0.0,0.0,0.0,0.0,1.0
611,352760,1.0,0.0,1.0,0.0,1.0,0.0,0.0,0.0,0.0,0.0,0.0,3.0
612,352840,4.0,0.0,1.0,0.0,0.0,0.0,0.0,0.0,0.0,0.0,0.0,5.0
613,352850,38.0,5.0,19.0,7.0,5.0,8.0,3.0,1.0,0.0,1.0,5.0,92.0
614,352890,1.0,0.0,0.0,0.0,0.0,1.0,0.0,0.0,0.0,0.0,0.0,2.0
615,352900,23.0,2.0,2.0,3.0,3.0,3.0,1.0,0.0,0.0,0.0,3.0,40.0
616,352930,0.0,1.0,1.0,1.0,0.0,0.0,0.0,0.0,0.0,0.0,0.0,3.0
617,352940,88.0,38.0,91.0,45.0,10.0,1.0,8.0,1.0,1.0,0.0,3.0,286.0
618,352960,1.0,0.0,0.0,0.0,0.0,0.0,0.0,0.0,0.0,0.0,0.0,1.0
619,353010,0.0,0.0,0.0,0.0,0.0,1.0,0.0,0.0,0.0,0.0,0.0,1.0
620,353030,6.0,2.0,2.0,0.0,1.0,1.0,0.0,0.0,0.0,0.0,0.0,12.0
621,353040,0.0,1.0,0.0,0.0,0.0,0.0,0.0,0.0,0.0,0.0,0.0,1.0
622,353050,0.0,0.0,0.0,1.0,0.0,0.0,0.0,0.0,0.0,0.0,0.0,1.0
623,353060,76.0,24.0,65.0,34.0,7.0,4.0,5.0,2.0,0.0,1.0,3.0,221.0
624,353070,10.0,0.0,4.0,0.0,0.0,0.0,1.0,0.0,0.0,0.0,0.0,15.0
625,353080,7.0,0.0,2.0,0.0,0.0,0.0,0.0,0.0,0.0,0.0,0.0,9.0
626,353110,7.0,0.0,10.0,4.0,1.0,1.0,0.0,0.0,0.0,0.0,3.0,26.0
627,353120,0.0,0.0,1.0,0.0,0.0,0.0,0.0,0.0,0.0,0.0,0.0,1.0
628,353130,0.0,0.0,0.0,0.0,0.0,0.0,1.0,0.0,0.0,0.0,0.0,1.0
629,353180,0.0,0.0,1.0,0.0,0.0,0.0,1.0,0.0,0.0,0.0,0.0,2.0
630,353190,2.0,0.0,0.0,0.0,0.0,0.0,0.0,0.0,0.0,0.0,0.0,2.0
631,353240,0.0,0.0,3.0,0.0,0.0,0.0,0.0,0.0,0.0,0.0,0.0,3.0
632,353260,0.0,0.0,0.0,0.0,0.0,0.0,1.0,0.0,0.0,0.0,0.0,1.0
633,353300,1.0,0.0,0.0,0.0,0.0,0.0,0.0,0.0,0.0,0.0,0.0,1.0
634,353340,0.0,0.0,1.0,0.0,0.0,0.0,0.0,0.0,0.0,0.0,0.0,1.0
635,353360,0.0,0.0,0.0,0.0,0.0,1.0,0.0,0.0,0.0,0.0,0.0,1.0
636,353390,1.0,0.0,0.0,0.0,0.0,0.0,0.0,0.0,0.0,0.0,0.0,1.0
637,353410,0.0,0.0,1.0,0.0,0.0,0.0,0.0,0.0,0.0,0.0,0.0,1.0
638,353440,63.0,37.0,118.0,57.0,18.0,7.0,8.0,1.0,1.0,0.0,4.0,314.0
639,353470,11.0,2.0,4.0,1.0,2.0,0.0,1.0,0.0,0.0,0.0,4.0,25.0
640,353490,0.0,0.0,1.0,0.0,0.0,0.0,0.0,0.0,0.0,0.0,0.0,1.0
641,353520,0.0,0.0,1.0,0.0,0.0,0.0,0.0,0.0,0.0,0.0,0.0,1.0
642,353540,1.0,0.0,0.0,0.0,0.0,0.0,0.0,0.0,0.0,0.0,0.0,1.0
643,353550,1.0,0.0,0.0,0.0,0.0,2.0,0.0,0.0,0.0,0.0,0.0,3.0
644,353560,1.0,0.0,0.0,0.0,0.0,0.0,0.0,0.0,0.0,0.0,0.0,1.0
645,353600,0.0,0.0,0.0,0.0,0.0,0.0,0.0,0.0,0.0,0.0,1.0,1.0
646,353620,2.0,1.0,0.0,0.0,1.0,0.0,0.0,0.0,0.0,0.0,0.0,4.0
647,353650,17.0,2.0,4.0,2.0,1.0,3.0,1.0,0.0,0.0,0.0,1.0,31.0
648,353670,2.0,0.0,0.0,0.0,1.0,1.0,0.0,0.0,0.0,0.0,0.0,4.0
649,353680,0.0,0.0,1.0,0.0,0.0,0.0,0.0,0.0,0.0,0.0,0.0,1.0
650,353710,0.0,0.0,2.0,0.0,0.0,0.0,0.0,0.0,0.0,0.0,0.0,2.0
651,353720,0.0,1.0,1.0,0.0,0.0,0.0,0.0,0.0,0.0,0.0,1.0,3.0
652,353730,1.0,0.0,0.0,1.0,0.0,0.0,0.0,0.0,0.0,0.0,0.0,2.0
653,353740,0.0,0.0,0.0,0.0,0.0,3.0,0.0,0.0,0.0,0.0,0.0,3.0
654,353760,13.0,2.0,3.0,4.0,0.0,2.0,0.0,0.0,0.0,0.0,1.0,25.0
655,353780,1.0,1.0,0.0,0.0,0.0,0.0,0.0,0.0,0.0,0.0,1.0,3.0
656,353790,0.0,0.0,0.0,0.0,1.0,0.0,0.0,0.0,0.0,0.0,0.0,1.0
657,353800,5.0,0.0,1.0,3.0,1.0,1.0,1.0,0.0,0.0,0.0,1.0,13.0
658,353870,7.0,1.0,2.0,2.0,0.0,0.0,0.0,0.0,0.0,0.0,1.0,13.0
659,353880,1.0,0.0,0.0,0.0,0.0,0.0,0.0,0.0,0.0,0.0,0.0,1.0
660,353890,1.0,1.0,0.0,0.0,0.0,0.0,0.0,0.0,0.0,0.0,0.0,2.0
661,353910,0.0,0.0,0.0,1.0,0.0,0.0,0.0,0.0,0.0,0.0,0.0,1.0
662,353930,2.0,63.0,31.0,2.0,0.0,0.0,1.0,0.0,0.0,0.0,0.0,99.0
663,353940,1.0,0.0,0.0,0.0,0.0,0.0,0.0,0.0,0.0,0.0,0.0,1.0
664,353980,20.0,16.0,23.0,8.0,3.0,1.0,0.0,1.0,0.0,0.0,0.0,72.0
665,354020,3.0,0.0,0.0,1.0,0.0,1.0,0.0,0.0,0.0,0.0,0.0,5.0
666,354060,1.0,0.0,0.0,1.0,0.0,0.0,0.0,0.0,0.0,0.0,0.0,2.0
667,354070,7.0,0.0,0.0,0.0,0.0,1.0,1.0,0.0,0.0,0.0,1.0,10.0
668,354075,2.0,0.0,0.0,0.0,0.0,0.0,0.0,0.0,0.0,0.0,0.0,2.0
669,354080,1.0,0.0,0.0,0.0,0.0,0.0,0.0,0.0,0.0,0.0,0.0,1.0
670,354090,2.0,0.0,0.0,1.0,0.0,0.0,0.0,0.0,0.0,0.0,0.0,3.0
671,354100,29.0,8.0,48.0,17.0,5.0,3.0,5.0,1.0,0.0,0.0,2.0,118.0
672,354130,0.0,1.0,0.0,0.0,0.0,0.0,0.0,0.0,0.0,0.0,0.0,1.0
673,354140,3.0,2.0,6.0,2.0,0.0,1.0,0.0,0.0,0.0,0.0,0.0,14.0
674,354150,3.0,0.0,0.0,0.0,1.0,0.0,0.0,0.0,0.0,0.0,0.0,4.0
675,354160,0.0,1.0,0.0,0.0,0.0,0.0,0.0,0.0,0.0,0.0,0.0,1.0
676,354200,0.0,0.0,0.0,0.0,0.0,2.0,0.0,0.0,0.0,0.0,0.0,2.0
677,354220,0.0,0.0,0.0,1.0,0.0,0.0,0.0,0.0,0.0,0.0,0.0,1.0
678,354240,1.0,0.0,0.0,0.0,0.0,0.0,0.0,0.0,0.0,0.0,0.0,1.0
679,354260,1.0,1.0,2.0,0.0,0.0,1.0,0.0,0.0,0.0,0.0,1.0,6.0
680,354320,0.0,0.0,0.0,0.0,0.0,1.0,0.0,0.0,0.0,0.0,0.0,1.0
681,354330,26.0,12.0,34.0,14.0,5.0,2.0,0.0,1.0,0.0,0.0,0.0,94.0
682,354340,35.0,3.0,21.0,17.0,3.0,4.0,2.0,0.0,0.0,0.0,2.0,87.0
683,354370,1.0,0.0,0.0,0.0,0.0,0.0,0.0,0.0,0.0,0.0,0.0,1.0
684,354390,7.0,2.0,5.0,0.0,2.0,0.0,0.0,0.0,0.0,0.0,0.0,16.0
685,354400,0.0,0.0,1.0,0.0,0.0,0.0,0.0,0.0,0.0,0.0,0.0,1.0
686,354410,15.0,4.0,10.0,3.0,3.0,6.0,0.0,0.0,0.0,0.0,1.0,42.0
687,354425,1.0,0.0,0.0,0.0,0.0,0.0,0.0,0.0,0.0,0.0,0.0,1.0
688,354450,1.0,0.0,0.0,0.0,0.0,1.0,0.0,0.0,0.0,0.0,0.0,2.0
689,354490,1.0,0.0,0.0,0.0,0.0,0.0,0.0,0.0,0.0,0.0,0.0,1.0
690,354520,8.0,1.0,0.0,1.0,0.0,0.0,0.0,0.0,0.0,0.0,0.0,10.0
691,354530,1.0,0.0,0.0,0.0,0.0,0.0,0.0,0.0,0.0,0.0,0.0,1.0
692,354540,1.0,0.0,1.0,0.0,0.0,0.0,0.0,0.0,0.0,0.0,0.0,2.0
693,354560,1.0,0.0,0.0,1.0,0.0,0.0,0.0,0.0,0.0,0.0,0.0,2.0
694,354580,6.0,1.0,0.0,0.0,1.0,0.0,2.0,2.0,0.0,0.0,0.0,12.0
695,354640,0.0,1.0,0.0,0.0,0.0,0.0,0.0,0.0,0.0,0.0,0.0,1.0
696,354660,1.0,0.0,0.0,0.0,0.0,0.0,0.0,0.0,0.0,0.0,0.0,1.0
697,354680,1.0,3.0,2.0,1.0,0.0,2.0,0.0,1.0,0.0,0.0,2.0,12.0
698,354730,16.0,6.0,5.0,2.0,0.0,3.0,0.0,0.0,0.0,0.0,1.0,33.0
699,354780,125.0,50.0,160.0,65.0,17.0,8.0,12.0,5.0,0.0,0.0,5.0,447.0
700,354850,42.0,32.0,74.0,39.0,19.0,2.0,9.0,1.0,1.0,0.0,7.0,226.0
701,354870,173.0,61.0,150.0,55.0,16.0,14.0,13.0,1.0,0.0,0.0,9.0,492.0
702,354880,42.0,20.0,50.0,20.0,7.0,8.0,4.0,1.0,0.0,0.0,0.0,152.0
703,354890,7.0,5.0,7.0,6.0,2.0,3.0,0.0,0.0,0.0,0.0,2.0,32.0
704,354910,3.0,1.0,2.0,2.0,0.0,0.0,1.0,0.0,0.0,0.0,0.0,9.0
705,354940,0.0,0.0,0.0,0.0,0.0,0.0,0.0,0.0,0.0,0.0,1.0,1.0
706,354950,0.0,0.0,1.0,0.0,0.0,0.0,0.0,0.0,0.0,0.0,0.0,1.0
707,354970,0.0,1.0,6.0,1.0,0.0,0.0,1.0,0.0,0.0,0.0,0.0,9.0
708,354980,66.0,0.0,5.0,6.0,1.0,8.0,2.0,0.0,0.0,0.0,1.0,89.0
709,354990,32.0,10.0,16.0,14.0,2.0,5.0,1.0,1.0,0.0,0.0,3.0,84.0
710,355030,3219.0,1196.0,3273.0,1471.0,409.0,177.0,245.0,43.0,5.0,2.0,149.0,10189.0
711,355050,1.0,0.0,0.0,0.0,0.0,0.0,0.0,0.0,0.0,0.0,0.0,1.0
712,355060,11.0,2.0,4.0,1.0,0.0,1.0,0.0,0.0,0.0,0.0,1.0,20.0
713,355070,5.0,3.0,4.0,0.0,0.0,1.0,0.0,0.0,0.0,0.0,4.0,17.0
714,355080,0.0,1.0,1.0,0.0,0.0,0.0,0.0,0.0,0.0,0.0,0.0,2.0
715,355100,9.0,2.0,9.0,4.0,2.0,1.0,1.0,0.0,0.0,0.0,0.0,28.0
716,355110,4.0,0.0,0.0,0.0,0.0,0.0,0.0,0.0,0.0,0.0,0.0,4.0
717,355150,0.0,1.0,1.0,0.0,1.0,0.0,0.0,0.0,0.0,0.0,0.0,3.0
718,355160,5.0,2.0,4.0,1.0,2.0,2.0,0.0,0.0,0.0,0.0,0.0,16.0
719,355170,9.0,0.0,2.0,3.0,0.0,0.0,0.0,0.0,0.0,0.0,0.0,14.0
720,355200,0.0,0.0,1.0,0.0,0.0,0.0,0.0,0.0,0.0,0.0,0.0,1.0
721,355210,0.0,1.0,0.0,1.0,1.0,0.0,0.0,0.0,0.0,0.0,0.0,3.0
722,355220,48.0,8.0,17.0,5.0,2.0,6.0,2.0,0.0,1.0,0.0,2.0,91.0
723,355240,6.0,1.0,2.0,0.0,2.0,0.0,0.0,0.0,0.0,0.0,1.0,12.0
724,355250,10.0,11.0,20.0,6.0,0.0,0.0,1.0,0.0,0.0,0.0,1.0,49.0
725,355260,1.0,0.0,0.0,0.0,0.0,0.0,0.0,0.0,0.0,0.0,0.0,1.0
726,355280,18.0,7.0,14.0,5.0,2.0,1.0,0.0,0.0,0.0,0.0,1.0,48.0
727,355380,1.0,0.0,0.0,0.0,0.0,0.0,0.0,0.0,0.0,0.0,0.0,1.0
728,355400,18.0,2.0,5.0,0.0,0.0,0.0,0.0,0.0,0.0,0.0,1.0,26.0
729,355410,26.0,1.0,3.0,6.0,0.0,3.0,1.0,0.0,0.0,0.0,2.0,42.0
730,355430,2.0,0.0,0.0,0.0,0.0,0.0,0.0,0.0,0.0,0.0,0.0,2.0
731,355450,2.0,0.0,0.0,0.0,0.0,0.0,0.0,0.0,0.0,0.0,0.0,2.0
732,355480,0.0,1.0,0.0,0.0,0.0,0.0,0.0,0.0,0.0,0.0,2.0,3.0
733,355500,5.0,0.0,0.0,0.0,0.0,0.0,0.0,0.0,0.0,0.0,0.0,5.0
734,355510,1.0,0.0,0.0,0.0,0.0,0.0,0.0,0.0,0.0,0.0,0.0,1.0
735,355530,0.0,0.0,0.0,0.0,1.0,0.0,0.0,0.0,0.0,0.0,0.0,1.0
736,355540,4.0,0.0,1.0,1.0,0.0,4.0,0.0,0.0,0.0,0.0,0.0,10.0
737,355560,2.0,0.0,0.0,0.0,0.0,0.0,0.0,0.0,0.0,0.0,0.0,2.0
738,355580,1.0,0.0,0.0,0.0,0.0,0.0,0.0,0.0,0.0,0.0,0.0,1.0
739,355610,1.0,0.0,2.0,0.0,1.0,0.0,0.0,0.0,0.0,0.0,0.0,4.0
740,355620,8.0,8.0,7.0,2.0,1.0,1.0,0.0,0.0,0.0,0.0,2.0,29.0
741,355630,0.0,0.0,2.0,2.0,0.0,0.0,0.0,0.0,0.0,0.0,0.0,4.0
742,355640,2.0,4.0,2.0,0.0,0.0,0.0,2.0,0.0,0.0,0.0,0.0,10.0
743,355645,6.0,1.0,5.0,0.0,0.0,1.0,0.0,0.0,0.0,0.0,0.0,13.0
744,355650,5.0,3.0,3.0,1.0,1.0,0.0,0.0,1.0,0.0,0.0,1.0,15.0
745,355670,9.0,1.0,4.0,4.0,1.0,1.0,0.0,0.0,0.0,0.0,0.0,20.0
746,355700,1.0,0.0,1.0,0.0,0.0,1.0,0.0,0.0,0.0,0.0,1.0,4.0
747,355710,16.0,0.0,3.0,2.0,1.0,3.0,1.0,0.0,0.0,0.0,1.0,27.0
748,410040,1.0,6.0,13.0,4.0,0.0,0.0,1.0,0.0,0.0,0.0,0.0,25.0
749,410120,0.0,0.0,0.0,1.0,0.0,0.0,0.0,0.0,0.0,0.0,0.0,1.0
750,410180,0.0,7.0,9.0,3.0,0.0,0.0,0.0,0.0,0.0,0.0,0.0,19.0
751,410230,1.0,0.0,0.0,0.0,0.0,0.0,0.0,0.0,0.0,0.0,0.0,1.0
752,410400,4.0,1.0,7.0,2.0,1.0,0.0,1.0,0.0,0.0,0.0,1.0,17.0
753,410410,0.0,0.0,3.0,1.0,0.0,0.0,0.0,0.0,0.0,0.0,0.0,4.0
754,410420,5.0,8.0,19.0,0.0,1.0,0.0,0.0,0.0,0.0,0.0,0.0,33.0
755,410425,0.0,3.0,5.0,0.0,0.0,0.0,0.0,0.0,1.0,0.0,0.0,9.0
756,410430,0.0,0.0,1.0,0.0,0.0,0.0,0.0,0.0,0.0,0.0,0.0,1.0
757,410445,0.0,0.0,1.0,0.0,0.0,0.0,0.0,0.0,0.0,0.0,0.0,1.0
758,410470,0.0,0.0,3.0,1.0,0.0,0.0,0.0,0.0,0.0,0.0,0.0,4.0
759,410490,0.0,0.0,1.0,0.0,0.0,1.0,0.0,0.0,0.0,0.0,0.0,2.0
760,410550,1.0,0.0,1.0,0.0,0.0,0.0,0.0,0.0,0.0,0.0,0.0,2.0
761,410580,9.0,6.0,17.0,4.0,0.0,0.0,0.0,0.0,0.0,0.0,0.0,36.0
762,410680,0.0,1.0,0.0,0.0,0.0,0.0,0.0,0.0,0.0,0.0,0.0,1.0
763,410690,37.0,349.0,764.0,207.0,52.0,3.0,20.0,1.0,0.0,0.0,7.0,1440.0
764,410765,0.0,2.0,8.0,0.0,0.0,0.0,0.0,0.0,0.0,0.0,0.0,10.0
765,410832,0.0,1.0,0.0,0.0,0.0,0.0,0.0,0.0,0.0,0.0,0.0,1.0
766,410840,0.0,0.0,0.0,0.0,0.0,0.0,0.0,0.0,0.0,0.0,1.0,1.0
767,410850,0.0,1.0,0.0,0.0,0.0,0.0,0.0,0.0,0.0,0.0,0.0,1.0
768,410890,1.0,0.0,0.0,0.0,0.0,0.0,0.0,0.0,0.0,0.0,0.0,1.0
769,410940,0.0,0.0,2.0,0.0,0.0,0.0,1.0,0.0,0.0,0.0,0.0,3.0
770,410960,0.0,1.0,0.0,0.0,0.0,0.0,0.0,0.0,0.0,0.0,0.0,1.0
771,411010,1.0,0.0,0.0,0.0,0.0,0.0,0.0,0.0,0.0,0.0,0.0,1.0
772,411020,0.0,0.0,1.0,0.0,0.0,0.0,0.0,0.0,0.0,0.0,0.0,1.0
773,411070,2.0,1.0,4.0,2.0,0.0,0.0,0.0,0.0,0.0,0.0,0.0,9.0
774,411180,3.0,2.0,2.0,0.0,0.0,0.0,1.0,0.0,0.0,0.0,0.0,8.0
775,411210,0.0,0.0,1.0,0.0,0.0,0.0,0.0,0.0,0.0,0.0,0.0,1.0
776,411320,0.0,0.0,2.0,0.0,0.0,0.0,0.0,0.0,0.0,0.0,0.0,2.0
777,411370,0.0,4.0,3.0,1.0,0.0,0.0,0.0,0.0,0.0,0.0,0.0,8.0
778,411390,1.0,2.0,1.0,0.0,0.0,0.0,0.0,0.0,0.0,0.0,0.0,4.0
779,411460,0.0,0.0,1.0,0.0,0.0,0.0,0.0,0.0,0.0,0.0,0.0,1.0
780,411520,2.0,0.0,4.0,0.0,0.0,0.0,0.0,0.0,0.0,0.0,0.0,6.0
781,411570,0.0,0.0,1.0,0.0,1.0,0.0,0.0,0.0,0.0,0.0,0.0,2.0
782,411605,1.0,0.0,0.0,0.0,0.0,0.0,0.0,0.0,0.0,0.0,0.0,1.0
783,411730,2.0,0.0,0.0,0.0,0.0,0.0,0.0,0.0,0.0,0.0,0.0,2.0
784,411800,0.0,0.0,0.0,0.0,0.0,0.0,1.0,0.0,0.0,0.0,0.0,1.0
785,411820,2.0,1.0,4.0,0.0,1.0,0.0,0.0,0.0,0.0,0.0,1.0,9.0
786,411850,0.0,0.0,1.0,0.0,0.0,0.0,0.0,0.0,0.0,0.0,0.0,1.0
787,411860,0.0,2.0,1.0,0.0,0.0,0.0,0.0,0.0,0.0,0.0,0.0,3.0
788,411915,1.0,5.0,34.0,6.0,3.0,0.0,0.0,0.0,0.0,0.0,0.0,49.0
789,411950,3.0,3.0,8.0,1.0,2.0,0.0,1.0,0.0,0.0,0.0,0.0,18.0
790,411990,0.0,0.0,1.0,0.0,0.0,0.0,0.0,0.0,0.0,0.0,0.0,1.0
791,412080,0.0,2.0,4.0,0.0,0.0,0.0,0.0,0.0,0.0,0.0,0.0,6.0
792,412120,1.0,0.0,0.0,0.0,0.0,0.0,0.0,0.0,0.0,0.0,0.0,1.0
793,412200,0.0,1.0,0.0,0.0,0.0,0.0,0.0,0.0,0.0,0.0,0.0,1.0
794,412220,1.0,3.0,2.0,1.0,0.0,0.0,0.0,0.0,0.0,0.0,1.0,8.0
795,412240,0.0,0.0,1.0,0.0,0.0,0.0,0.0,0.0,0.0,0.0,0.0,1.0
796,412350,0.0,0.0,1.0,0.0,0.0,0.0,0.0,0.0,0.0,0.0,0.0,1.0
797,412550,4.0,13.0,12.0,5.0,0.0,1.0,1.0,0.0,0.0,0.0,0.0,36.0
798,412625,1.0,0.0,1.0,0.0,1.0,0.0,0.0,0.0,0.0,0.0,0.0,3.0
799,412770,0.0,1.0,1.0,1.0,0.0,0.0,0.0,0.0,0.0,0.0,0.0,3.0
800,412820,1.0,5.0,5.0,2.0,0.0,0.0,0.0,0.0,0.0,0.0,0.0,13.0
801,420075,0.0,0.0,1.0,0.0,0.0,0.0,0.0,0.0,0.0,0.0,0.0,1.0
802,420200,0.0,0.0,3.0,1.0,0.0,0.0,0.0,0.0,0.0,0.0,0.0,4.0
803,420240,0.0,0.0,4.0,0.0,0.0,0.0,0.0,0.0,0.0,0.0,0.0,4.0
804,420290,1.0,1.0,1.0,0.0,0.0,0.0,0.0,0.0,0.0,0.0,0.0,3.0
805,420300,0.0,0.0,1.0,0.0,0.0,0.0,0.0,0.0,0.0,0.0,0.0,1.0
806,420380,3.0,3.0,3.0,2.0,0.0,0.0,0.0,0.0,0.0,0.0,0.0,11.0
807,420430,0.0,11.0,4.0,1.0,0.0,0.0,0.0,0.0,0.0,0.0,0.0,16.0
808,420540,11.0,19.0,50.0,21.0,2.0,5.0,4.0,0.0,0.0,0.0,5.0,117.0
809,420570,0.0,1.0,2.0,0.0,0.0,0.0,0.0,0.0,0.0,0.0,0.0,3.0
810,420650,0.0,0.0,2.0,2.0,0.0,0.0,0.0,0.0,0.0,0.0,0.0,4.0
811,420730,0.0,1.0,0.0,0.0,0.0,0.0,0.0,0.0,0.0,0.0,0.0,1.0
812,420750,0.0,0.0,1.0,0.0,0.0,0.0,0.0,0.0,0.0,0.0,0.0,1.0
813,420800,0.0,1.0,0.0,0.0,0.0,0.0,0.0,0.0,0.0,0.0,0.0,1.0
814,420820,1.0,0.0,1.0,0.0,0.0,0.0,0.0,0.0,0.0,0.0,0.0,2.0
815,420845,1.0,1.0,0.0,1.0,0.0,0.0,0.0,0.0,0.0,0.0,0.0,3.0
816,420860,0.0,1.0,0.0,0.0,0.0,0.0,0.0,0.0,0.0,0.0,0.0,1.0
817,420890,1.0,3.0,11.0,4.0,0.0,0.0,0.0,0.0,0.0,0.0,0.0,19.0
818,420910,6.0,57.0,67.0,10.0,5.0,1.0,2.0,0.0,0.0,0.0,0.0,148.0
819,421010,0.0,1.0,0.0,1.0,0.0,0.0,0.0,0.0,0.0,0.0,0.0,2.0
820,421050,0.0,0.0,1.0,0.0,0.0,0.0,0.0,0.0,0.0,0.0,0.0,1.0
821,421090,0.0,1.0,0.0,0.0,0.0,0.0,0.0,0.0,0.0,0.0,0.0,1.0
822,421110,0.0,1.0,0.0,0.0,1.0,0.0,0.0,0.0,0.0,0.0,0.0,2.0
823,421190,0.0,0.0,2.0,2.0,0.0,0.0,0.0,0.0,0.0,0.0,0.0,4.0
824,421260,0.0,3.0,0.0,1.0,0.0,0.0,0.0,0.0,0.0,0.0,0.0,4.0
825,421280,0.0,0.0,1.0,0.0,1.0,0.0,0.0,0.0,0.0,0.0,0.0,2.0
826,421350,0.0,0.0,1.0,0.0,0.0,0.0,0.0,0.0,0.0,0.0,0.0,1.0
827,421360,1.0,3.0,7.0,1.0,0.0,0.0,0.0,0.0,0.0,0.0,0.0,12.0
828,421390,0.0,0.0,0.0,0.0,0.0,1.0,0.0,0.0,0.0,0.0,0.0,1.0
829,421470,0.0,0.0,1.0,0.0,0.0,0.0,0.0,0.0,0.0,0.0,0.0,1.0
830,421580,0.0,1.0,4.0,1.0,0.0,0.0,0.0,0.0,0.0,0.0,0.0,6.0
831,421620,1.0,0.0,3.0,0.0,0.0,0.0,0.0,0.0,0.0,0.0,0.0,4.0
832,421630,1.0,0.0,1.0,0.0,0.0,0.0,0.0,0.0,0.0,0.0,0.0,2.0
833,421660,0.0,3.0,5.0,1.0,1.0,0.0,0.0,0.0,0.0,0.0,0.0,10.0
834,421740,2.0,0.0,4.0,2.0,0.0,0.0,0.0,0.0,0.0,0.0,0.0,8.0
835,421750,1.0,1.0,1.0,0.0,0.0,0.0,0.0,0.0,0.0,0.0,0.0,3.0
836,421830,0.0,0.0,0.0,0.0,0.0,0.0,1.0,0.0,0.0,0.0,0.0,1.0
837,421870,1.0,1.0,2.0,1.0,0.0,0.0,0.0,0.0,0.0,0.0,0.0,5.0
838,421917,0.0,1.0,0.0,0.0,0.0,0.0,0.0,0.0,0.0,0.0,0.0,1.0
839,421985,0.0,1.0,0.0,0.0,0.0,0.0,0.0,0.0,0.0,0.0,0.0,1.0
840,430060,2.0,0.0,1.0,0.0,0.0,0.0,0.0,0.0,0.0,0.0,1.0,4.0
841,430160,0.0,0.0,0.0,0.0,1.0,0.0,0.0,0.0,0.0,0.0,0.0,1.0
842,430210,1.0,1.0,1.0,0.0,1.0,0.0,0.0,0.0,0.0,0.0,0.0,4.0
843,430310,15.0,5.0,7.0,1.0,0.0,0.0,0.0,0.0,0.0,0.0,1.0,29.0
844,430460,1.0,1.0,4.0,0.0,1.0,0.0,2.0,0.0,0.0,0.0,2.0,11.0
845,430470,0.0,1.0,0.0,0.0,0.0,0.0,0.0,0.0,0.0,0.0,0.0,1.0
846,430485,0.0,1.0,0.0,0.0,0.0,0.0,0.0,0.0,0.0,0.0,0.0,1.0
847,430640,0.0,0.0,1.0,0.0,0.0,0.0,0.0,0.0,0.0,0.0,0.0,1.0
848,430770,1.0,3.0,0.0,0.0,0.0,0.0,0.0,0.0,0.0,0.0,0.0,4.0
849,430920,9.0,4.0,11.0,1.0,1.0,0.0,0.0,0.0,0.0,0.0,0.0,26.0
850,431020,0.0,0.0,2.0,0.0,0.0,0.0,0.0,0.0,0.0,0.0,0.0,2.0
851,431130,0.0,1.0,0.0,0.0,0.0,0.0,0.0,0.0,0.0,0.0,0.0,1.0
852,431340,1.0,0.0,0.0,0.0,0.0,0.0,0.0,0.0,0.0,0.0,0.0,1.0
853,431490,8.0,23.0,30.0,10.0,4.0,1.0,1.0,1.0,0.0,0.0,6.0,84.0
854,431760,0.0,0.0,1.0,0.0,0.0,0.0,0.0,0.0,0.0,0.0,0.0,1.0
855,431800,1.0,0.0,0.0,0.0,0.0,0.0,0.0,0.0,0.0,0.0,0.0,1.0
856,431870,1.0,2.0,4.0,1.0,0.0,0.0,0.0,0.0,0.0,0.0,0.0,8.0
857,432000,0.0,5.0,1.0,0.0,1.0,0.0,0.0,0.0,0.0,0.0,1.0,8.0
858,432160,1.0,0.0,1.0,1.0,0.0,0.0,0.0,0.0,0.0,0.0,0.0,3.0
859,432195,0.0,2.0,0.0,0.0,0.0,0.0,0.0,0.0,0.0,0.0,0.0,2.0
860,432240,0.0,0.0,1.0,0.0,0.0,0.0,0.0,0.0,0.0,0.0,0.0,1.0
861,432250,0.0,0.0,1.0,0.0,0.0,0.0,0.0,0.0,0.0,0.0,0.0,1.0
862,432300,2.0,1.0,2.0,0.0,0.0,1.0,0.0,0.0,0.0,0.0,0.0,6.0
863,500270,3.0,0.0,5.0,1.0,1.0,0.0,1.0,0.0,0.0,0.0,0.0,11.0
864,500830,0.0,0.0,0.0,0.0,0.0,0.0,1.0,0.0,0.0,0.0,0.0,1.0
865,510525,1.0,0.0,0.0,0.0,0.0,0.0,0.0,0.0,0.0,0.0,0.0,1.0
866,510619,1.0,0.0,0.0,0.0,0.0,0.0,0.0,0.0,0.0,0.0,0.0,1.0
867,510760,0.0,1.0,0.0,0.0,0.0,0.0,0.0,0.0,0.0,0.0,0.0,1.0
868,510792,1.0,0.0,0.0,0.0,0.0,0.0,0.0,0.0,0.0,0.0,0.0,1.0
869,520110,0.0,0.0,0.0,0.0,0.0,1.0,0.0,0.0,0.0,0.0,0.0,1.0
870,520140,2.0,0.0,1.0,0.0,0.0,0.0,0.0,0.0,0.0,0.0,0.0,3.0
871,520549,0.0,0.0,1.0,0.0,0.0,0.0,0.0,0.0,0.0,0.0,0.0,1.0
872,520620,1.0,0.0,0.0,0.0,0.0,0.0,0.0,0.0,0.0,0.0,0.0,1.0
873,520870,5.0,0.0,3.0,1.0,2.0,0.0,0.0,0.0,0.0,0.0,0.0,11.0
874,521250,1.0,0.0,0.0,0.0,0.0,0.0,0.0,0.0,0.0,0.0,0.0,1.0
875,521830,0.0,0.0,0.0,1.0,0.0,0.0,0.0,0.0,0.0,0.0,0.0,1.0
876,521860,0.0,1.0,0.0,0.0,0.0,0.0,0.0,0.0,0.0,0.0,0.0,1.0
877,530010,3.0,2.0,12.0,1.0,3.0,1.0,0.0,0.0,0.0,0.0,0.0,22.0
