,ID_MN_RESI,"(0, 4]","(14, 19]","(19, 29]","(29, 39]","(39, 49]","(4, 9]","(49, 59]","(59, 69]","(69, 79]","(79, 120]","(9, 14]",TOTAL
0,110004.0,1.0,0.0,0.0,0.0,0.0,0.0,0.0,0.0,0.0,0.0,0.0,1.0
1,110012.0,0.0,0.0,0.0,1.0,0.0,0.0,0.0,0.0,0.0,0.0,0.0,1.0
2,110020.0,1.0,0.0,0.0,0.0,0.0,0.0,0.0,0.0,0.0,0.0,0.0,1.0
3,110030.0,4.0,0.0,1.0,0.0,0.0,1.0,0.0,0.0,0.0,0.0,0.0,6.0
4,110146.0,1.0,0.0,0.0,0.0,0.0,1.0,0.0,0.0,0.0,0.0,2.0,4.0
5,120040.0,0.0,0.0,1.0,0.0,0.0,0.0,0.0,0.0,0.0,0.0,0.0,1.0
6,130008.0,1.0,0.0,0.0,0.0,0.0,2.0,0.0,0.0,0.0,0.0,2.0,5.0
7,130010.0,2.0,0.0,0.0,0.0,0.0,0.0,0.0,0.0,0.0,0.0,0.0,2.0
8,130020.0,3.0,0.0,0.0,0.0,0.0,0.0,0.0,0.0,0.0,0.0,0.0,3.0
9,130030.0,13.0,4.0,1.0,2.0,4.0,2.0,2.0,0.0,0.0,0.0,0.0,28.0
10,130040.0,0.0,0.0,1.0,0.0,1.0,0.0,0.0,0.0,0.0,0.0,0.0,2.0
11,130063.0,9.0,0.0,1.0,1.0,0.0,1.0,1.0,0.0,0.0,0.0,0.0,13.0
12,130080.0,2.0,1.0,0.0,0.0,0.0,0.0,0.0,0.0,0.0,0.0,0.0,3.0
13,130083.0,2.0,1.0,0.0,0.0,1.0,0.0,0.0,0.0,0.0,0.0,0.0,4.0
14,130100.0,1.0,0.0,0.0,0.0,0.0,0.0,0.0,0.0,0.0,0.0,0.0,1.0
15,130110.0,6.0,1.0,6.0,3.0,0.0,1.0,1.0,0.0,0.0,0.0,1.0,19.0
16,130115.0,8.0,1.0,4.0,1.0,1.0,0.0,2.0,0.0,0.0,0.0,1.0,18.0
17,130120.0,48.0,14.0,14.0,7.0,3.0,7.0,0.0,0.0,0.0,0.0,9.0,102.0
18,130130.0,2.0,1.0,7.0,0.0,0.0,1.0,0.0,0.0,0.0,0.0,2.0,13.0
19,130140.0,2.0,0.0,0.0,0.0,0.0,0.0,0.0,0.0,0.0,0.0,0.0,2.0
20,130160.0,0.0,1.0,0.0,0.0,0.0,0.0,0.0,0.0,0.0,0.0,0.0,1.0
21,130185.0,26.0,8.0,12.0,5.0,6.0,5.0,0.0,0.0,0.0,0.0,3.0,65.0
22,130190.0,51.0,28.0,21.0,9.0,8.0,8.0,4.0,1.0,0.0,0.0,13.0,143.0
23,130200.0,0.0,0.0,0.0,0.0,1.0,0.0,0.0,0.0,0.0,0.0,0.0,1.0
24,130220.0,26.0,7.0,7.0,5.0,6.0,3.0,2.0,0.0,0.0,0.0,3.0,59.0
25,130240.0,5.0,0.0,0.0,0.0,0.0,1.0,0.0,0.0,0.0,0.0,0.0,6.0
26,130250.0,354.0,146.0,233.0,86.0,32.0,41.0,16.0,4.0,0.0,0.0,34.0,946.0
27,130255.0,2.0,1.0,0.0,1.0,0.0,1.0,2.0,0.0,0.0,0.0,1.0,8.0
28,130260.0,1941.0,1542.0,1826.0,749.0,319.0,303.0,120.0,11.0,4.0,0.0,345.0,7160.0
29,130270.0,0.0,1.0,0.0,0.0,0.0,0.0,1.0,0.0,0.0,0.0,0.0,2.0
30,130290.0,14.0,0.0,6.0,3.0,6.0,0.0,1.0,0.0,0.0,0.0,0.0,30.0
31,130300.0,2.0,0.0,1.0,1.0,0.0,0.0,0.0,0.0,0.0,0.0,2.0,6.0
32,130310.0,2.0,0.0,0.0,0.0,0.0,1.0,0.0,0.0,0.0,0.0,0.0,3.0
33,130320.0,17.0,0.0,4.0,3.0,1.0,3.0,2.0,0.0,0.0,0.0,3.0,33.0
34,130330.0,1.0,0.0,2.0,0.0,0.0,0.0,0.0,0.0,0.0,0.0,0.0,3.0
35,130340.0,1.0,5.0,0.0,4.0,2.0,1.0,1.0,0.0,0.0,0.0,1.0,15.0
36,130353.0,7.0,2.0,6.0,0.0,2.0,0.0,0.0,0.0,0.0,0.0,1.0,18.0
37,130356.0,18.0,2.0,1.0,5.0,0.0,1.0,0.0,1.0,0.0,0.0,0.0,28.0
38,130380.0,0.0,0.0,0.0,1.0,0.0,0.0,0.0,0.0,0.0,0.0,0.0,1.0
39,130400.0,1.0,0.0,0.0,0.0,0.0,0.0,0.0,0.0,0.0,0.0,0.0,1.0
40,130406.0,2.0,0.0,0.0,0.0,0.0,0.0,0.0,0.0,0.0,0.0,0.0,2.0
41,130410.0,3.0,1.0,1.0,0.0,0.0,0.0,0.0,0.0,0.0,0.0,0.0,5.0
42,130420.0,16.0,10.0,3.0,2.0,0.0,4.0,0.0,0.0,0.0,0.0,3.0,38.0
43,130423.0,0.0,2.0,1.0,0.0,0.0,0.0,0.0,0.0,0.0,0.0,0.0,3.0
44,130430.0,0.0,0.0,0.0,0.0,0.0,0.0,1.0,0.0,0.0,0.0,0.0,1.0
45,130440.0,1.0,0.0,0.0,0.0,0.0,0.0,0.0,0.0,0.0,0.0,0.0,1.0
46,140002.0,9.0,1.0,2.0,0.0,0.0,1.0,0.0,0.0,0.0,1.0,1.0,15.0
47,140005.0,1.0,0.0,0.0,1.0,0.0,0.0,0.0,0.0,0.0,0.0,1.0,3.0
48,140010.0,110.0,12.0,14.0,8.0,5.0,22.0,0.0,0.0,0.0,0.0,10.0,181.0
49,140017.0,4.0,0.0,0.0,0.0,1.0,0.0,0.0,0.0,0.0,0.0,2.0,7.0
50,140020.0,1.0,0.0,0.0,0.0,0.0,0.0,0.0,0.0,0.0,0.0,0.0,1.0
51,140030.0,1.0,0.0,0.0,0.0,0.0,0.0,0.0,0.0,0.0,0.0,0.0,1.0
52,140045.0,24.0,2.0,7.0,3.0,1.0,15.0,0.0,0.0,0.0,0.0,1.0,53.0
53,140047.0,11.0,1.0,1.0,1.0,0.0,0.0,0.0,0.0,0.0,0.0,0.0,14.0
54,140050.0,0.0,2.0,0.0,0.0,0.0,0.0,0.0,0.0,0.0,0.0,0.0,2.0
55,150010.0,32.0,43.0,50.0,30.0,14.0,6.0,5.0,0.0,0.0,0.0,14.0,194.0
56,150020.0,6.0,13.0,11.0,7.0,3.0,2.0,1.0,1.0,0.0,0.0,1.0,45.0
57,150030.0,36.0,23.0,58.0,15.0,7.0,8.0,1.0,0.0,0.0,0.0,11.0,159.0
58,150040.0,0.0,0.0,1.0,0.0,0.0,0.0,0.0,0.0,0.0,0.0,0.0,1.0
59,150050.0,1.0,0.0,0.0,0.0,0.0,0.0,0.0,0.0,0.0,0.0,0.0,1.0
60,150070.0,0.0,2.0,2.0,0.0,0.0,0.0,0.0,0.0,0.0,0.0,0.0,4.0
61,150080.0,174.0,198.0,377.0,133.0,55.0,42.0,16.0,3.0,1.0,0.0,41.0,1040.0
62,150090.0,20.0,11.0,34.0,11.0,3.0,3.0,5.0,1.0,0.0,1.0,4.0,93.0
63,150095.0,1.0,1.0,0.0,0.0,0.0,0.0,0.0,0.0,0.0,0.0,0.0,2.0
64,150100.0,0.0,0.0,0.0,0.0,1.0,0.0,0.0,0.0,0.0,0.0,0.0,1.0
65,150110.0,28.0,16.0,8.0,6.0,2.0,5.0,1.0,0.0,0.0,0.0,9.0,75.0
66,150120.0,1.0,0.0,0.0,0.0,0.0,0.0,0.0,0.0,0.0,0.0,0.0,1.0
67,150130.0,16.0,8.0,14.0,4.0,5.0,11.0,3.0,1.0,0.0,0.0,3.0,65.0
68,150140.0,323.0,344.0,382.0,158.0,42.0,73.0,22.0,2.0,0.0,0.0,89.0,1435.0
69,150150.0,10.0,13.0,24.0,3.0,1.0,4.0,0.0,0.0,0.0,0.0,1.0,56.0
70,150160.0,2.0,0.0,2.0,1.0,0.0,0.0,0.0,0.0,0.0,0.0,0.0,5.0
71,150170.0,12.0,11.0,17.0,7.0,3.0,0.0,2.0,0.0,0.0,0.0,3.0,55.0
72,150175.0,0.0,0.0,1.0,0.0,0.0,0.0,0.0,0.0,0.0,0.0,0.0,1.0
73,150180.0,84.0,36.0,33.0,15.0,11.0,14.0,5.0,0.0,0.0,0.0,15.0,213.0
74,150190.0,0.0,0.0,0.0,0.0,1.0,0.0,0.0,0.0,0.0,0.0,0.0,1.0
75,150200.0,1.0,0.0,3.0,2.0,1.0,0.0,0.0,0.0,0.0,0.0,0.0,7.0
76,150210.0,17.0,29.0,39.0,20.0,5.0,6.0,0.0,1.0,0.0,0.0,6.0,123.0
77,150215.0,1.0,1.0,1.0,1.0,0.0,0.0,0.0,0.0,0.0,0.0,0.0,4.0
78,150220.0,4.0,0.0,5.0,1.0,0.0,0.0,0.0,0.0,0.0,0.0,1.0,11.0
79,150230.0,2.0,0.0,1.0,0.0,0.0,0.0,0.0,0.0,0.0,0.0,0.0,3.0
80,150240.0,23.0,11.0,14.0,5.0,1.0,6.0,0.0,0.0,0.0,0.0,3.0,63.0
81,150250.0,3.0,0.0,2.0,2.0,0.0,3.0,0.0,0.0,0.0,0.0,1.0,11.0
82,150275.0,2.0,1.0,0.0,0.0,0.0,0.0,0.0,0.0,0.0,0.0,0.0,3.0
83,150280.0,2.0,0.0,0.0,2.0,0.0,0.0,0.0,0.0,0.0,0.0,0.0,4.0
84,150285.0,2.0,1.0,1.0,0.0,0.0,2.0,0.0,0.0,0.0,0.0,3.0,9.0
85,150290.0,5.0,8.0,15.0,2.0,2.0,5.0,0.0,0.0,0.0,0.0,1.0,38.0
86,150300.0,0.0,0.0,1.0,0.0,0.0,0.0,0.0,0.0,0.0,0.0,0.0,1.0
87,150304.0,1.0,0.0,0.0,0.0,0.0,0.0,0.0,0.0,0.0,0.0,0.0,1.0
88,150307.0,2.0,0.0,1.0,0.0,0.0,0.0,0.0,0.0,0.0,0.0,0.0,3.0
89,150309.0,1.0,0.0,1.0,1.0,1.0,0.0,0.0,0.0,0.0,0.0,0.0,4.0
90,150310.0,2.0,0.0,0.0,0.0,0.0,0.0,0.0,0.0,0.0,0.0,0.0,2.0
91,150320.0,4.0,3.0,7.0,1.0,3.0,0.0,0.0,0.0,0.0,0.0,0.0,18.0
92,150330.0,22.0,26.0,32.0,18.0,4.0,11.0,2.0,0.0,0.0,0.0,11.0,126.0
93,150340.0,3.0,0.0,0.0,0.0,1.0,1.0,0.0,0.0,0.0,0.0,0.0,5.0
94,150345.0,0.0,1.0,1.0,0.0,0.0,0.0,0.0,0.0,0.0,0.0,0.0,2.0
95,150350.0,3.0,0.0,1.0,2.0,0.0,0.0,0.0,0.0,0.0,0.0,0.0,6.0
96,150360.0,2.0,1.0,0.0,0.0,0.0,0.0,0.0,0.0,0.0,0.0,0.0,3.0
97,150370.0,0.0,0.0,0.0,0.0,0.0,1.0,0.0,0.0,0.0,0.0,0.0,1.0
98,150375.0,1.0,0.0,0.0,0.0,3.0,0.0,0.0,0.0,0.0,0.0,0.0,4.0
99,150390.0,3.0,1.0,1.0,0.0,0.0,0.0,0.0,0.0,0.0,0.0,3.0,8.0
100,150400.0,7.0,17.0,13.0,1.0,0.0,0.0,2.0,0.0,0.0,0.0,4.0,44.0
101,150405.0,8.0,17.0,36.0,9.0,0.0,1.0,2.0,0.0,0.0,0.0,4.0,77.0
102,150420.0,57.0,23.0,37.0,19.0,10.0,7.0,4.0,1.0,0.0,0.0,4.0,162.0
103,150430.0,0.0,0.0,1.0,0.0,1.0,0.0,0.0,0.0,0.0,0.0,0.0,2.0
104,150442.0,44.0,40.0,50.0,15.0,8.0,8.0,2.0,1.0,0.0,0.0,11.0,179.0
105,150450.0,11.0,5.0,4.0,4.0,0.0,2.0,0.0,0.0,0.0,0.0,0.0,26.0
106,150460.0,3.0,3.0,14.0,2.0,3.0,1.0,1.0,0.0,0.0,0.0,4.0,31.0
107,150470.0,31.0,27.0,51.0,27.0,3.0,10.0,7.0,0.0,0.0,0.0,10.0,166.0
108,150475.0,0.0,0.0,0.0,0.0,0.0,0.0,0.0,1.0,0.0,0.0,0.0,1.0
109,150480.0,6.0,6.0,2.0,1.0,0.0,1.0,1.0,0.0,0.0,0.0,3.0,20.0
110,150490.0,4.0,4.0,6.0,6.0,1.0,0.0,1.0,0.0,0.0,0.0,0.0,22.0
111,150495.0,0.0,0.0,1.0,0.0,0.0,0.0,0.0,0.0,0.0,0.0,0.0,1.0
112,150497.0,1.0,0.0,0.0,0.0,0.0,0.0,0.0,0.0,0.0,0.0,0.0,1.0
113,150506.0,8.0,7.0,16.0,5.0,2.0,0.0,0.0,0.0,0.0,0.0,3.0,41.0
114,150510.0,1.0,0.0,0.0,0.0,0.0,0.0,0.0,0.0,0.0,0.0,0.0,1.0
115,150520.0,0.0,4.0,3.0,0.0,1.0,1.0,0.0,0.0,0.0,0.0,1.0,10.0
116,150548.0,1.0,0.0,0.0,0.0,0.0,0.0,0.0,0.0,0.0,0.0,0.0,1.0
117,150550.0,25.0,9.0,12.0,1.0,1.0,2.0,2.0,0.0,0.0,0.0,1.0,53.0
118,150553.0,40.0,9.0,21.0,7.0,1.0,1.0,0.0,0.0,0.0,0.0,2.0,81.0
119,150570.0,2.0,2.0,6.0,1.0,0.0,1.0,0.0,0.0,0.0,0.0,0.0,12.0
120,150580.0,55.0,23.0,25.0,13.0,4.0,12.0,0.0,0.0,0.0,0.0,9.0,141.0
121,150590.0,0.0,0.0,0.0,0.0,0.0,0.0,0.0,0.0,0.0,0.0,2.0,2.0
122,150600.0,12.0,11.0,9.0,4.0,1.0,4.0,0.0,0.0,0.0,0.0,3.0,44.0
123,150610.0,2.0,0.0,0.0,0.0,0.0,0.0,0.0,0.0,0.0,0.0,0.0,2.0
124,150613.0,1.0,0.0,0.0,0.0,0.0,0.0,0.0,0.0,0.0,0.0,0.0,1.0
125,150620.0,10.0,8.0,16.0,5.0,5.0,1.0,6.0,0.0,0.0,0.0,2.0,53.0
126,150630.0,0.0,0.0,0.0,1.0,0.0,0.0,0.0,0.0,0.0,0.0,0.0,1.0
127,150635.0,6.0,2.0,3.0,2.0,2.0,0.0,1.0,0.0,0.0,0.0,2.0,18.0
128,150640.0,3.0,8.0,13.0,2.0,1.0,2.0,0.0,0.0,0.0,0.0,1.0,30.0
129,150650.0,5.0,2.0,13.0,3.0,0.0,1.0,0.0,0.0,0.0,0.0,1.0,25.0
130,150655.0,0.0,0.0,1.0,0.0,0.0,0.0,0.0,0.0,0.0,0.0,0.0,1.0
131,150660.0,2.0,1.0,1.0,0.0,0.0,0.0,0.0,0.0,0.0,0.0,0.0,4.0
132,150680.0,21.0,1.0,7.0,5.0,5.0,2.0,2.0,0.0,0.0,0.0,0.0,43.0
133,150690.0,1.0,0.0,0.0,0.0,0.0,0.0,0.0,0.0,0.0,0.0,0.0,1.0
134,150700.0,2.0,0.0,0.0,0.0,0.0,0.0,0.0,0.0,0.0,0.0,0.0,2.0
135,150710.0,2.0,0.0,1.0,0.0,0.0,0.0,0.0,0.0,0.0,0.0,0.0,3.0
136,150715.0,1.0,0.0,0.0,0.0,1.0,0.0,0.0,0.0,0.0,0.0,0.0,2.0
137,150720.0,2.0,11.0,12.0,4.0,3.0,0.0,0.0,0.0,1.0,0.0,4.0,37.0
138,150745.0,1.0,0.0,0.0,0.0,0.0,0.0,0.0,0.0,0.0,0.0,0.0,1.0
139,150747.0,3.0,2.0,1.0,1.0,1.0,1.0,0.0,0.0,0.0,0.0,0.0,9.0
140,150750.0,0.0,0.0,1.0,0.0,0.0,0.0,0.0,0.0,0.0,0.0,0.0,1.0
141,150760.0,2.0,4.0,7.0,1.0,0.0,0.0,0.0,0.0,0.0,0.0,1.0,15.0
142,150770.0,2.0,6.0,15.0,4.0,1.0,0.0,0.0,0.0,0.0,0.0,2.0,30.0
143,150780.0,6.0,2.0,1.0,0.0,0.0,2.0,0.0,0.0,0.0,0.0,1.0,12.0
144,150790.0,1.0,0.0,2.0,1.0,0.0,3.0,0.0,0.0,0.0,0.0,1.0,8.0
145,150795.0,22.0,7.0,22.0,6.0,3.0,1.0,2.0,1.0,0.0,0.0,0.0,64.0
146,150796.0,1.0,0.0,0.0,0.0,0.0,1.0,0.0,0.0,0.0,0.0,0.0,2.0
147,150800.0,0.0,0.0,3.0,1.0,0.0,1.0,0.0,0.0,0.0,0.0,0.0,5.0
148,150803.0,4.0,8.0,4.0,4.0,2.0,0.0,0.0,0.0,0.0,0.0,0.0,22.0
149,150810.0,1.0,0.0,0.0,0.0,0.0,0.0,0.0,0.0,0.0,0.0,0.0,1.0
150,150812.0,0.0,0.0,2.0,0.0,0.0,1.0,0.0,0.0,0.0,0.0,0.0,3.0
151,150820.0,1.0,1.0,1.0,0.0,0.0,0.0,0.0,0.0,0.0,0.0,0.0,3.0
152,150830.0,7.0,11.0,22.0,5.0,4.0,1.0,2.0,1.0,0.0,0.0,4.0,57.0
153,160005.0,1.0,0.0,0.0,0.0,0.0,0.0,0.0,0.0,0.0,0.0,0.0,1.0
154,160010.0,1.0,0.0,0.0,0.0,0.0,0.0,0.0,0.0,0.0,0.0,0.0,1.0
155,160015.0,4.0,0.0,1.0,0.0,0.0,1.0,0.0,0.0,0.0,0.0,0.0,6.0
156,160021.0,1.0,0.0,1.0,0.0,0.0,0.0,0.0,0.0,0.0,0.0,0.0,2.0
157,160023.0,2.0,1.0,1.0,0.0,0.0,0.0,0.0,0.0,0.0,0.0,0.0,4.0
158,160025.0,5.0,0.0,0.0,0.0,0.0,0.0,0.0,0.0,0.0,0.0,1.0,6.0
159,160030.0,423.0,32.0,52.0,16.0,3.0,40.0,5.0,0.0,0.0,1.0,19.0,591.0
160,160040.0,19.0,1.0,6.0,1.0,0.0,3.0,0.0,0.0,0.0,0.0,1.0,31.0
161,160050.0,18.0,0.0,0.0,1.0,1.0,1.0,0.0,0.0,0.0,0.0,0.0,21.0
162,160053.0,7.0,0.0,0.0,0.0,0.0,1.0,0.0,0.0,0.0,0.0,0.0,8.0
163,160060.0,121.0,10.0,19.0,4.0,0.0,15.0,0.0,0.0,0.0,0.0,10.0,179.0
164,160070.0,4.0,0.0,0.0,0.0,1.0,1.0,0.0,0.0,0.0,0.0,1.0,7.0
165,160080.0,1.0,0.0,0.0,0.0,0.0,0.0,0.0,0.0,0.0,0.0,0.0,1.0
166,171820.0,2.0,0.0,0.0,0.0,0.0,0.0,0.0,0.0,0.0,0.0,0.0,2.0
167,210203.0,1.0,0.0,0.0,0.0,0.0,0.0,0.0,0.0,0.0,0.0,0.0,1.0
168,210290.0,5.0,3.0,3.0,2.0,1.0,1.0,0.0,0.0,0.0,0.0,1.0,16.0
169,210300.0,1.0,0.0,0.0,0.0,0.0,0.0,0.0,0.0,0.0,0.0,0.0,1.0
170,210570.0,1.0,0.0,0.0,0.0,0.0,0.0,0.0,0.0,0.0,0.0,0.0,1.0
171,210600.0,1.0,0.0,0.0,0.0,0.0,0.0,0.0,0.0,0.0,0.0,0.0,1.0
172,211130.0,2.0,0.0,0.0,1.0,0.0,1.0,0.0,0.0,0.0,0.0,0.0,4.0
173,211300.0,0.0,0.0,0.0,0.0,1.0,0.0,0.0,0.0,0.0,0.0,0.0,1.0
174,220025.0,0.0,0.0,1.0,0.0,0.0,0.0,0.0,0.0,0.0,0.0,0.0,1.0
175,220110.0,1.0,0.0,0.0,0.0,0.0,0.0,0.0,0.0,0.0,0.0,0.0,1.0
176,220213.0,2.0,0.0,0.0,0.0,0.0,0.0,0.0,0.0,0.0,0.0,0.0,2.0
177,220557.0,2.0,0.0,1.0,0.0,0.0,0.0,0.0,0.0,0.0,0.0,0.0,3.0
178,220559.0,1.0,0.0,0.0,0.0,0.0,0.0,0.0,0.0,0.0,0.0,0.0,1.0
179,220600.0,0.0,0.0,0.0,1.0,0.0,0.0,0.0,0.0,0.0,0.0,0.0,1.0
180,220635.0,1.0,0.0,0.0,0.0,0.0,0.0,0.0,0.0,0.0,0.0,0.0,1.0
181,220770.0,0.0,0.0,1.0,0.0,0.0,0.0,0.0,0.0,0.0,0.0,0.0,1.0
182,220840.0,1.0,0.0,0.0,0.0,0.0,0.0,0.0,0.0,0.0,0.0,0.0,1.0
183,220995.0,0.0,0.0,0.0,0.0,1.0,0.0,0.0,0.0,0.0,0.0,0.0,1.0
184,221100.0,0.0,0.0,0.0,0.0,1.0,0.0,1.0,0.0,0.0,0.0,0.0,2.0
185,230015.0,0.0,1.0,0.0,0.0,0.0,0.0,0.0,0.0,0.0,0.0,0.0,1.0
186,230075.0,1.0,0.0,0.0,0.0,0.0,0.0,0.0,0.0,0.0,0.0,0.0,1.0
187,230100.0,1.0,0.0,2.0,0.0,0.0,0.0,0.0,0.0,0.0,0.0,0.0,3.0
188,230110.0,2.0,0.0,0.0,0.0,0.0,0.0,0.0,0.0,0.0,0.0,0.0,2.0
189,230140.0,0.0,1.0,0.0,0.0,0.0,0.0,0.0,0.0,0.0,0.0,0.0,1.0
190,230195.0,1.0,0.0,0.0,0.0,0.0,0.0,0.0,0.0,0.0,0.0,0.0,1.0
191,230220.0,1.0,0.0,0.0,0.0,0.0,0.0,0.0,0.0,0.0,0.0,0.0,1.0
192,230260.0,2.0,0.0,0.0,0.0,0.0,0.0,0.0,0.0,0.0,0.0,0.0,2.0
193,230300.0,2.0,0.0,0.0,0.0,0.0,0.0,0.0,0.0,0.0,0.0,0.0,2.0
194,230310.0,1.0,1.0,1.0,2.0,1.0,0.0,0.0,0.0,0.0,0.0,0.0,6.0
195,230370.0,58.0,5.0,21.0,5.0,4.0,9.0,3.0,0.0,0.0,0.0,5.0,110.0
196,230400.0,4.0,1.0,1.0,0.0,0.0,0.0,0.0,0.0,0.0,0.0,0.0,6.0
197,230420.0,0.0,0.0,0.0,0.0,1.0,0.0,0.0,0.0,0.0,0.0,0.0,1.0
198,230428.0,1.0,0.0,0.0,0.0,1.0,0.0,0.0,0.0,0.0,0.0,0.0,2.0
199,230430.0,1.0,0.0,0.0,0.0,0.0,0.0,0.0,0.0,0.0,0.0,0.0,1.0
200,230435.0,3.0,1.0,7.0,0.0,2.0,0.0,3.0,0.0,0.0,0.0,2.0,18.0
201,230440.0,255.0,43.0,81.0,34.0,20.0,15.0,10.0,1.0,0.0,0.0,35.0,494.0
202,230450.0,0.0,0.0,0.0,1.0,0.0,0.0,0.0,0.0,0.0,0.0,0.0,1.0
203,230470.0,0.0,0.0,1.0,0.0,0.0,0.0,0.0,0.0,0.0,0.0,0.0,1.0
204,230495.0,0.0,0.0,1.0,0.0,0.0,0.0,0.0,0.0,0.0,0.0,0.0,1.0
205,230523.0,1.0,0.0,0.0,0.0,0.0,0.0,0.0,0.0,0.0,0.0,0.0,1.0
206,230540.0,0.0,0.0,0.0,1.0,0.0,0.0,0.0,0.0,0.0,0.0,0.0,1.0
207,230625.0,2.0,1.0,3.0,0.0,0.0,0.0,0.0,0.0,0.0,0.0,0.0,6.0
208,230640.0,1.0,0.0,0.0,0.0,0.0,0.0,0.0,0.0,0.0,0.0,0.0,1.0
209,230690.0,3.0,0.0,0.0,0.0,0.0,0.0,0.0,0.0,0.0,0.0,0.0,3.0
210,230750.0,2.0,0.0,0.0,0.0,0.0,0.0,0.0,0.0,0.0,0.0,0.0,2.0
211,230765.0,9.0,1.0,2.0,2.0,0.0,0.0,0.0,0.0,0.0,0.0,2.0,16.0
212,230770.0,5.0,1.0,1.0,0.0,0.0,0.0,0.0,0.0,0.0,0.0,3.0,10.0
213,230790.0,0.0,4.0,0.0,1.0,0.0,0.0,1.0,0.0,0.0,0.0,0.0,6.0
214,230800.0,21.0,35.0,37.0,14.0,6.0,5.0,1.0,0.0,0.0,0.0,17.0,136.0
215,230820.0,1.0,0.0,0.0,1.0,0.0,1.0,0.0,0.0,0.0,0.0,2.0,5.0
216,230880.0,0.0,0.0,0.0,0.0,0.0,1.0,0.0,0.0,0.0,0.0,0.0,1.0
217,230900.0,2.0,0.0,0.0,0.0,0.0,0.0,0.0,0.0,0.0,0.0,0.0,2.0
218,230960.0,1.0,0.0,0.0,0.0,0.0,0.0,0.0,0.0,0.0,0.0,0.0,1.0
219,231020.0,3.0,0.0,2.0,1.0,0.0,0.0,0.0,0.0,0.0,0.0,0.0,6.0
220,231070.0,1.0,0.0,0.0,0.0,0.0,0.0,0.0,0.0,0.0,0.0,0.0,1.0
221,231085.0,0.0,0.0,1.0,0.0,0.0,0.0,0.0,0.0,0.0,0.0,0.0,1.0
222,231170.0,1.0,0.0,0.0,0.0,0.0,0.0,0.0,0.0,0.0,0.0,0.0,1.0
223,231200.0,1.0,1.0,1.0,1.0,1.0,0.0,0.0,0.0,0.0,0.0,0.0,5.0
224,231240.0,2.0,0.0,0.0,0.0,0.0,0.0,0.0,0.0,0.0,0.0,0.0,2.0
225,231280.0,1.0,0.0,1.0,1.0,1.0,0.0,0.0,0.0,0.0,0.0,0.0,4.0
226,231290.0,31.0,11.0,14.0,4.0,4.0,3.0,4.0,0.0,0.0,0.0,12.0,83.0
227,231350.0,2.0,2.0,0.0,1.0,0.0,0.0,2.0,0.0,0.0,0.0,0.0,7.0
228,231355.0,2.0,0.0,0.0,0.0,0.0,0.0,0.0,0.0,0.0,0.0,1.0,3.0
229,231380.0,13.0,10.0,16.0,8.0,1.0,2.0,0.0,0.0,0.0,0.0,9.0,59.0
230,231390.0,0.0,1.0,0.0,0.0,0.0,0.0,0.0,0.0,0.0,0.0,0.0,1.0
231,231395.0,1.0,0.0,0.0,0.0,0.0,0.0,0.0,0.0,0.0,0.0,0.0,1.0
232,240130.0,0.0,0.0,0.0,0.0,0.0,0.0,0.0,0.0,0.0,0.0,1.0,1.0
233,240325.0,1.0,2.0,1.0,0.0,0.0,0.0,0.0,0.0,0.0,0.0,0.0,4.0
234,240710.0,0.0,0.0,0.0,0.0,0.0,1.0,0.0,0.0,0.0,0.0,0.0,1.0
235,240810.0,1.0,0.0,1.0,2.0,0.0,0.0,1.0,0.0,0.0,0.0,0.0,5.0
236,240940.0,0.0,0.0,0.0,1.0,0.0,0.0,0.0,0.0,0.0,0.0,0.0,1.0
237,241150.0,1.0,0.0,0.0,0.0,0.0,0.0,0.0,0.0,0.0,0.0,0.0,1.0
238,241445.0,1.0,0.0,0.0,0.0,0.0,0.0,0.0,0.0,0.0,0.0,0.0,1.0
239,250150.0,0.0,0.0,0.0,1.0,1.0,0.0,0.0,0.0,0.0,0.0,0.0,2.0
240,250170.0,1.0,0.0,0.0,0.0,2.0,0.0,0.0,0.0,0.0,0.0,0.0,3.0
241,250180.0,2.0,0.0,0.0,1.0,0.0,2.0,0.0,0.0,0.0,0.0,0.0,5.0
242,250250.0,0.0,0.0,0.0,0.0,0.0,1.0,0.0,0.0,0.0,0.0,0.0,1.0
243,250300.0,0.0,1.0,0.0,0.0,0.0,0.0,0.0,0.0,0.0,0.0,1.0,2.0
244,250320.0,1.0,1.0,2.0,0.0,0.0,0.0,0.0,0.0,0.0,0.0,0.0,4.0
245,250330.0,0.0,0.0,1.0,0.0,0.0,0.0,0.0,0.0,0.0,0.0,0.0,1.0
246,250400.0,3.0,0.0,0.0,0.0,0.0,2.0,0.0,0.0,0.0,0.0,0.0,5.0
247,250460.0,3.0,0.0,0.0,0.0,0.0,0.0,0.0,0.0,0.0,0.0,0.0,3.0
248,250470.0,0.0,0.0,1.0,0.0,0.0,0.0,0.0,0.0,0.0,0.0,0.0,1.0
249,250570.0,1.0,0.0,0.0,0.0,0.0,0.0,0.0,0.0,0.0,0.0,0.0,1.0
250,250580.0,1.0,0.0,0.0,0.0,0.0,0.0,0.0,0.0,0.0,0.0,0.0,1.0
251,250600.0,1.0,0.0,0.0,0.0,0.0,0.0,0.0,0.0,0.0,0.0,0.0,1.0
252,250630.0,1.0,0.0,0.0,0.0,0.0,0.0,0.0,0.0,0.0,0.0,0.0,1.0
253,250670.0,1.0,0.0,0.0,0.0,0.0,0.0,0.0,0.0,0.0,0.0,0.0,1.0
254,250750.0,33.0,10.0,10.0,11.0,4.0,6.0,1.0,0.0,0.0,0.0,5.0,80.0
255,250830.0,1.0,0.0,0.0,0.0,0.0,0.0,0.0,0.0,0.0,0.0,0.0,1.0
256,250870.0,1.0,0.0,0.0,0.0,0.0,0.0,0.0,0.0,0.0,0.0,0.0,1.0
257,250890.0,0.0,0.0,0.0,0.0,0.0,1.0,0.0,0.0,0.0,0.0,0.0,1.0
258,250980.0,0.0,0.0,0.0,0.0,0.0,1.0,0.0,0.0,0.0,0.0,0.0,1.0
259,251140.0,1.0,0.0,0.0,0.0,0.0,0.0,0.0,0.0,0.0,0.0,0.0,1.0
260,251315.0,0.0,0.0,2.0,0.0,0.0,0.0,0.0,0.0,0.0,0.0,0.0,2.0
261,251320.0,1.0,0.0,0.0,0.0,0.0,0.0,0.0,0.0,0.0,0.0,0.0,1.0
262,251370.0,2.0,0.0,1.0,0.0,0.0,0.0,0.0,0.0,0.0,0.0,1.0,4.0
263,251420.0,1.0,0.0,0.0,0.0,0.0,0.0,0.0,0.0,0.0,0.0,0.0,1.0
264,251500.0,0.0,0.0,0.0,1.0,0.0,0.0,0.0,0.0,0.0,0.0,0.0,1.0
265,251530.0,0.0,0.0,1.0,0.0,0.0,0.0,0.0,0.0,0.0,0.0,0.0,1.0
266,251620.0,2.0,1.0,2.0,0.0,0.0,2.0,0.0,0.0,0.0,0.0,2.0,9.0
267,260005.0,5.0,1.0,1.0,0.0,0.0,1.0,0.0,0.0,0.0,0.0,0.0,8.0
268,260050.0,2.0,0.0,0.0,0.0,0.0,0.0,0.0,0.0,0.0,0.0,0.0,2.0
269,260070.0,3.0,0.0,0.0,0.0,0.0,0.0,0.0,0.0,0.0,0.0,0.0,3.0
270,260120.0,1.0,0.0,1.0,0.0,1.0,0.0,0.0,0.0,0.0,0.0,0.0,3.0
271,260170.0,0.0,0.0,0.0,0.0,0.0,1.0,0.0,0.0,0.0,0.0,0.0,1.0
272,260190.0,1.0,1.0,0.0,0.0,0.0,0.0,0.0,0.0,0.0,0.0,0.0,2.0
273,260200.0,0.0,0.0,0.0,0.0,0.0,0.0,0.0,0.0,0.0,0.0,1.0,1.0
274,260230.0,1.0,0.0,0.0,0.0,0.0,0.0,0.0,0.0,0.0,0.0,0.0,1.0
275,260260.0,2.0,3.0,1.0,1.0,0.0,2.0,1.0,0.0,0.0,0.0,2.0,12.0
276,260290.0,34.0,0.0,0.0,0.0,0.0,3.0,0.0,0.0,0.0,0.0,1.0,38.0
277,260300.0,1.0,0.0,0.0,0.0,0.0,0.0,0.0,0.0,0.0,0.0,0.0,1.0
278,260340.0,1.0,0.0,0.0,0.0,0.0,0.0,0.0,0.0,0.0,0.0,0.0,1.0
279,260345.0,11.0,0.0,2.0,0.0,0.0,0.0,0.0,0.0,0.0,0.0,0.0,13.0
280,260380.0,0.0,0.0,0.0,1.0,0.0,2.0,0.0,0.0,0.0,0.0,0.0,3.0
281,260390.0,0.0,0.0,0.0,0.0,0.0,1.0,0.0,0.0,0.0,0.0,0.0,1.0
282,260400.0,1.0,2.0,1.0,0.0,0.0,0.0,0.0,0.0,0.0,0.0,1.0,5.0
283,260410.0,12.0,5.0,12.0,1.0,0.0,0.0,0.0,0.0,0.0,0.0,1.0,31.0
284,260450.0,1.0,0.0,0.0,0.0,0.0,0.0,0.0,0.0,0.0,0.0,0.0,1.0
285,260460.0,4.0,0.0,0.0,0.0,0.0,0.0,0.0,0.0,0.0,0.0,0.0,4.0
286,260500.0,0.0,0.0,1.0,0.0,0.0,0.0,0.0,0.0,0.0,0.0,1.0,2.0
287,260510.0,4.0,0.0,0.0,0.0,0.0,0.0,0.0,0.0,0.0,0.0,0.0,4.0
288,260520.0,6.0,0.0,0.0,0.0,0.0,0.0,0.0,0.0,0.0,0.0,0.0,6.0
289,260580.0,0.0,0.0,1.0,0.0,0.0,0.0,0.0,0.0,0.0,0.0,0.0,1.0
290,260590.0,1.0,0.0,0.0,0.0,0.0,0.0,0.0,0.0,0.0,0.0,0.0,1.0
291,260610.0,1.0,0.0,1.0,0.0,0.0,0.0,0.0,0.0,0.0,0.0,0.0,2.0
292,260620.0,9.0,1.0,10.0,4.0,0.0,0.0,0.0,0.0,0.0,0.0,2.0,26.0
293,260640.0,1.0,0.0,1.0,1.0,0.0,0.0,0.0,0.0,0.0,0.0,0.0,3.0
294,260660.0,7.0,0.0,0.0,0.0,0.0,0.0,0.0,0.0,0.0,0.0,0.0,7.0
295,260680.0,3.0,1.0,0.0,3.0,1.0,0.0,0.0,0.0,0.0,0.0,0.0,8.0
296,260720.0,5.0,0.0,0.0,0.0,0.0,0.0,0.0,0.0,0.0,0.0,0.0,5.0
297,260750.0,0.0,0.0,1.0,0.0,0.0,0.0,0.0,0.0,0.0,0.0,0.0,1.0
298,260790.0,21.0,2.0,6.0,2.0,1.0,3.0,0.0,0.0,0.0,0.0,1.0,36.0
299,260800.0,0.0,0.0,1.0,0.0,0.0,0.0,1.0,0.0,0.0,0.0,0.0,2.0
300,260845.0,3.0,1.0,2.0,0.0,0.0,0.0,0.0,0.0,0.0,0.0,1.0,7.0
301,260850.0,0.0,0.0,0.0,0.0,0.0,0.0,0.0,0.0,0.0,0.0,1.0,1.0
302,260880.0,9.0,0.0,0.0,0.0,0.0,0.0,0.0,0.0,0.0,0.0,0.0,9.0
303,260890.0,1.0,0.0,0.0,0.0,0.0,0.0,0.0,0.0,0.0,0.0,0.0,1.0
304,260940.0,1.0,0.0,0.0,0.0,0.0,0.0,0.0,0.0,0.0,0.0,0.0,1.0
305,260950.0,0.0,0.0,1.0,0.0,0.0,0.0,0.0,0.0,0.0,0.0,0.0,1.0
306,260960.0,15.0,2.0,4.0,0.0,2.0,0.0,1.0,0.0,0.0,0.0,1.0,25.0
307,260990.0,1.0,0.0,0.0,0.0,0.0,0.0,0.0,0.0,0.0,0.0,0.0,1.0
308,261000.0,1.0,0.0,0.0,0.0,0.0,0.0,0.0,0.0,0.0,0.0,0.0,1.0
309,261070.0,20.0,1.0,2.0,1.0,4.0,0.0,0.0,0.0,0.0,0.0,2.0,30.0
310,261090.0,2.0,0.0,1.0,0.0,0.0,0.0,0.0,0.0,0.0,0.0,0.0,3.0
311,261110.0,2.0,0.0,0.0,0.0,0.0,0.0,0.0,0.0,0.0,0.0,0.0,2.0
312,261140.0,1.0,0.0,0.0,0.0,0.0,0.0,0.0,0.0,0.0,0.0,0.0,1.0
313,261160.0,81.0,11.0,23.0,8.0,5.0,4.0,2.0,0.0,0.0,0.0,3.0,137.0
314,261170.0,2.0,0.0,0.0,0.0,0.0,0.0,0.0,0.0,0.0,0.0,0.0,2.0
315,261250.0,20.0,13.0,12.0,5.0,2.0,3.0,1.0,0.0,0.0,0.0,5.0,61.0
316,261270.0,0.0,0.0,1.0,1.0,0.0,0.0,0.0,0.0,0.0,0.0,0.0,2.0
317,261300.0,0.0,0.0,1.0,0.0,0.0,0.0,0.0,0.0,0.0,0.0,0.0,1.0
318,261310.0,1.0,0.0,0.0,0.0,0.0,0.0,0.0,0.0,0.0,0.0,0.0,1.0
319,261370.0,1.0,0.0,0.0,0.0,0.0,0.0,0.0,0.0,0.0,0.0,0.0,1.0
320,261410.0,1.0,0.0,0.0,2.0,0.0,0.0,0.0,0.0,0.0,0.0,0.0,3.0
321,261420.0,2.0,0.0,0.0,0.0,1.0,0.0,0.0,0.0,0.0,0.0,0.0,3.0
322,261450.0,1.0,0.0,1.0,0.0,0.0,0.0,0.0,0.0,0.0,0.0,0.0,2.0
323,261470.0,0.0,0.0,0.0,1.0,0.0,0.0,0.0,0.0,0.0,0.0,0.0,1.0
324,261500.0,16.0,10.0,7.0,4.0,0.0,0.0,2.0,1.0,0.0,0.0,1.0,41.0
325,261520.0,0.0,1.0,0.0,0.0,0.0,0.0,0.0,0.0,0.0,0.0,0.0,1.0
326,261530.0,0.0,0.0,0.0,0.0,0.0,1.0,0.0,0.0,0.0,0.0,0.0,1.0
327,261540.0,6.0,6.0,5.0,1.0,1.0,3.0,1.0,0.0,0.0,0.0,2.0,25.0
328,261550.0,1.0,0.0,0.0,0.0,0.0,0.0,0.0,0.0,0.0,0.0,0.0,1.0
329,261560.0,1.0,0.0,0.0,0.0,0.0,0.0,0.0,0.0,0.0,0.0,0.0,1.0
330,261620.0,6.0,3.0,5.0,1.0,2.0,0.0,0.0,0.0,0.0,0.0,0.0,17.0
331,261640.0,11.0,0.0,1.0,0.0,0.0,1.0,0.0,0.0,0.0,0.0,0.0,13.0
332,270030.0,2.0,0.0,0.0,0.0,0.0,0.0,0.0,0.0,0.0,0.0,0.0,2.0
333,270170.0,10.0,0.0,0.0,0.0,0.0,0.0,0.0,0.0,0.0,0.0,0.0,10.0
334,270180.0,2.0,0.0,0.0,0.0,0.0,0.0,0.0,0.0,0.0,0.0,0.0,2.0
335,270250.0,1.0,0.0,0.0,0.0,0.0,0.0,0.0,0.0,0.0,0.0,0.0,1.0
336,270430.0,5.0,1.0,1.0,1.0,0.0,1.0,1.0,0.0,0.0,0.0,0.0,10.0
337,270440.0,1.0,0.0,0.0,0.0,0.0,0.0,0.0,0.0,0.0,0.0,0.0,1.0
338,270450.0,1.0,0.0,0.0,0.0,0.0,0.0,0.0,0.0,0.0,0.0,0.0,1.0
339,270460.0,0.0,0.0,1.0,0.0,0.0,0.0,0.0,0.0,0.0,0.0,0.0,1.0
340,270500.0,1.0,2.0,3.0,0.0,0.0,0.0,0.0,0.0,0.0,0.0,0.0,6.0
341,270570.0,0.0,1.0,0.0,1.0,0.0,0.0,0.0,0.0,0.0,0.0,0.0,2.0
342,270600.0,0.0,0.0,2.0,1.0,0.0,0.0,0.0,0.0,0.0,0.0,0.0,3.0
343,270630.0,0.0,1.0,0.0,0.0,0.0,0.0,0.0,0.0,0.0,0.0,0.0,1.0
344,270710.0,0.0,0.0,0.0,0.0,0.0,0.0,0.0,0.0,0.0,0.0,1.0,1.0
345,270800.0,2.0,0.0,3.0,0.0,0.0,0.0,0.0,0.0,0.0,0.0,0.0,5.0
346,270840.0,1.0,0.0,0.0,0.0,0.0,0.0,0.0,0.0,0.0,0.0,0.0,1.0
347,280030.0,0.0,3.0,3.0,0.0,0.0,0.0,0.0,0.0,0.0,0.0,0.0,6.0
348,280050.0,0.0,0.0,0.0,0.0,0.0,0.0,0.0,0.0,1.0,0.0,0.0,1.0
349,280210.0,1.0,0.0,0.0,0.0,1.0,0.0,0.0,0.0,0.0,0.0,0.0,2.0
350,280350.0,0.0,0.0,0.0,1.0,0.0,0.0,0.0,0.0,0.0,0.0,0.0,1.0
351,280580.0,0.0,0.0,1.0,0.0,0.0,0.0,0.0,0.0,0.0,0.0,0.0,1.0
352,280710.0,0.0,1.0,4.0,0.0,0.0,0.0,2.0,0.0,0.0,0.0,0.0,7.0
353,290080.0,1.0,0.0,0.0,0.0,0.0,0.0,0.0,0.0,0.0,0.0,0.0,1.0
354,290135.0,0.0,0.0,1.0,0.0,0.0,0.0,1.0,0.0,0.0,0.0,0.0,2.0
355,290210.0,1.0,0.0,0.0,0.0,0.0,0.0,0.0,0.0,0.0,0.0,0.0,1.0
356,290350.0,1.0,0.0,0.0,0.0,0.0,0.0,0.0,0.0,0.0,0.0,0.0,1.0
357,290360.0,0.0,0.0,1.0,0.0,0.0,0.0,0.0,0.0,0.0,0.0,0.0,1.0
358,290540.0,1.0,0.0,0.0,1.0,0.0,0.0,0.0,0.0,0.0,0.0,0.0,2.0
359,290560.0,3.0,0.0,0.0,0.0,0.0,0.0,0.0,0.0,0.0,0.0,0.0,3.0
360,290570.0,2.0,0.0,0.0,0.0,0.0,0.0,0.0,0.0,0.0,0.0,0.0,2.0
361,290650.0,0.0,0.0,0.0,0.0,0.0,2.0,0.0,0.0,0.0,0.0,0.0,2.0
362,290820.0,0.0,2.0,0.0,0.0,0.0,0.0,0.0,0.0,0.0,0.0,0.0,2.0
363,291060.0,1.0,0.0,0.0,0.0,0.0,0.0,0.0,0.0,0.0,0.0,0.0,1.0
364,291080.0,2.0,8.0,3.0,0.0,1.0,0.0,0.0,0.0,0.0,0.0,1.0,15.0
365,291120.0,3.0,0.0,3.0,0.0,0.0,0.0,0.0,0.0,0.0,0.0,0.0,6.0
366,291185.0,1.0,0.0,0.0,0.0,0.0,0.0,0.0,0.0,0.0,0.0,0.0,1.0
367,291320.0,2.0,0.0,0.0,0.0,0.0,0.0,0.0,0.0,0.0,0.0,0.0,2.0
368,291360.0,0.0,0.0,3.0,0.0,0.0,0.0,0.0,0.0,0.0,0.0,0.0,3.0
369,291390.0,0.0,1.0,0.0,0.0,0.0,0.0,0.0,0.0,0.0,0.0,0.0,1.0
370,291450.0,0.0,0.0,1.0,1.0,0.0,0.0,0.0,0.0,0.0,0.0,0.0,2.0
371,291650.0,1.0,0.0,0.0,0.0,0.0,0.0,0.0,0.0,0.0,0.0,0.0,1.0
372,291730.0,1.0,2.0,0.0,0.0,0.0,0.0,0.0,0.0,0.0,0.0,0.0,3.0
373,291750.0,0.0,0.0,0.0,0.0,0.0,1.0,0.0,0.0,0.0,0.0,0.0,1.0
374,291840.0,0.0,0.0,0.0,1.0,0.0,0.0,0.0,0.0,0.0,0.0,1.0,2.0
375,291920.0,0.0,0.0,1.0,2.0,0.0,0.0,0.0,0.0,0.0,0.0,0.0,3.0
376,291955.0,0.0,0.0,0.0,1.0,0.0,0.0,1.0,0.0,0.0,0.0,0.0,2.0
377,292200.0,0.0,0.0,0.0,0.0,0.0,0.0,0.0,0.0,0.0,0.0,1.0,1.0
378,292350.0,0.0,0.0,0.0,1.0,0.0,0.0,0.0,0.0,0.0,0.0,0.0,1.0
379,292380.0,0.0,0.0,0.0,0.0,1.0,0.0,0.0,0.0,0.0,0.0,0.0,1.0
380,292530.0,1.0,0.0,0.0,0.0,0.0,0.0,0.0,0.0,0.0,0.0,0.0,1.0
381,292560.0,1.0,0.0,0.0,0.0,0.0,0.0,0.0,0.0,0.0,0.0,0.0,1.0
382,292575.0,1.0,1.0,2.0,0.0,0.0,0.0,0.0,0.0,0.0,0.0,0.0,4.0
383,292590.0,2.0,0.0,0.0,0.0,0.0,0.0,0.0,0.0,0.0,0.0,0.0,2.0
384,292660.0,2.0,0.0,0.0,0.0,0.0,0.0,0.0,0.0,0.0,0.0,0.0,2.0
385,292740.0,2.0,4.0,3.0,0.0,0.0,0.0,0.0,0.0,0.0,0.0,1.0,10.0
386,292860.0,1.0,0.0,0.0,0.0,0.0,0.0,0.0,0.0,0.0,0.0,0.0,1.0
387,292870.0,0.0,0.0,0.0,0.0,0.0,0.0,1.0,0.0,0.0,0.0,0.0,1.0
388,293050.0,0.0,0.0,1.0,0.0,0.0,0.0,0.0,0.0,0.0,0.0,0.0,1.0
389,293330.0,1.0,0.0,0.0,0.0,0.0,0.0,0.0,0.0,0.0,0.0,0.0,1.0
390,310150.0,0.0,1.0,0.0,0.0,0.0,0.0,0.0,0.0,0.0,0.0,0.0,1.0
391,310350.0,2.0,0.0,0.0,0.0,0.0,0.0,0.0,0.0,0.0,0.0,0.0,2.0
392,310530.0,0.0,0.0,1.0,0.0,0.0,0.0,0.0,0.0,0.0,0.0,0.0,1.0
393,310560.0,0.0,2.0,0.0,0.0,0.0,0.0,0.0,0.0,0.0,0.0,0.0,2.0
394,310620.0,33.0,6.0,18.0,4.0,0.0,3.0,3.0,0.0,0.0,0.0,2.0,69.0
395,310670.0,3.0,0.0,1.0,0.0,1.0,0.0,0.0,0.0,0.0,0.0,0.0,5.0
396,310730.0,0.0,0.0,1.0,0.0,0.0,0.0,0.0,0.0,0.0,0.0,0.0,1.0
397,310830.0,0.0,0.0,0.0,0.0,0.0,0.0,0.0,0.0,0.0,0.0,1.0,1.0
398,310950.0,1.0,0.0,0.0,0.0,0.0,0.0,0.0,0.0,0.0,0.0,0.0,1.0
399,311050.0,0.0,0.0,1.0,0.0,0.0,0.0,0.0,0.0,0.0,0.0,0.0,1.0
400,311180.0,1.0,0.0,0.0,0.0,0.0,0.0,0.0,0.0,0.0,0.0,0.0,1.0
401,311450.0,0.0,0.0,1.0,0.0,0.0,0.0,0.0,0.0,0.0,0.0,0.0,1.0
402,311530.0,0.0,2.0,0.0,0.0,0.0,0.0,0.0,0.0,0.0,0.0,0.0,2.0
403,311660.0,0.0,0.0,0.0,0.0,2.0,0.0,0.0,0.0,0.0,0.0,0.0,2.0
404,311700.0,1.0,0.0,0.0,0.0,0.0,0.0,0.0,0.0,0.0,0.0,0.0,1.0
405,311830.0,0.0,1.0,2.0,0.0,0.0,0.0,0.0,0.0,0.0,0.0,0.0,3.0
406,311860.0,0.0,0.0,1.0,0.0,0.0,0.0,0.0,0.0,0.0,0.0,0.0,1.0
407,312230.0,0.0,0.0,0.0,1.0,0.0,0.0,1.0,0.0,0.0,0.0,0.0,2.0
408,312595.0,1.0,0.0,0.0,0.0,0.0,0.0,0.0,0.0,0.0,0.0,0.0,1.0
409,312710.0,1.0,0.0,0.0,0.0,0.0,0.0,0.0,0.0,0.0,0.0,0.0,1.0
410,312860.0,1.0,0.0,0.0,0.0,0.0,0.0,0.0,0.0,0.0,0.0,0.0,1.0
411,313090.0,1.0,0.0,0.0,0.0,0.0,0.0,0.0,0.0,0.0,0.0,0.0,1.0
412,313160.0,1.0,0.0,0.0,0.0,0.0,0.0,0.0,0.0,0.0,0.0,0.0,1.0
413,313240.0,0.0,0.0,1.0,0.0,0.0,0.0,0.0,0.0,0.0,0.0,0.0,1.0
414,313300.0,0.0,0.0,1.0,0.0,0.0,0.0,0.0,0.0,0.0,0.0,0.0,1.0
415,313380.0,0.0,0.0,1.0,0.0,0.0,0.0,0.0,0.0,0.0,0.0,0.0,1.0
416,313440.0,0.0,0.0,0.0,0.0,0.0,1.0,0.0,0.0,0.0,0.0,0.0,1.0
417,313670.0,1.0,4.0,2.0,1.0,2.0,0.0,0.0,0.0,0.0,0.0,0.0,10.0
418,314000.0,1.0,0.0,0.0,0.0,0.0,0.0,0.0,0.0,0.0,0.0,0.0,1.0
419,314160.0,0.0,0.0,0.0,0.0,1.0,0.0,3.0,0.0,0.0,0.0,0.0,4.0
420,314220.0,0.0,0.0,1.0,0.0,0.0,0.0,0.0,0.0,0.0,0.0,0.0,1.0
421,314300.0,1.0,0.0,0.0,0.0,0.0,0.0,0.0,0.0,0.0,0.0,0.0,1.0
422,314390.0,1.0,0.0,1.0,0.0,0.0,0.0,0.0,0.0,0.0,0.0,0.0,2.0
423,314480.0,1.0,0.0,0.0,0.0,1.0,0.0,0.0,0.0,0.0,0.0,0.0,2.0
424,314500.0,0.0,0.0,0.0,0.0,0.0,1.0,0.0,0.0,0.0,0.0,0.0,1.0
425,314520.0,2.0,0.0,0.0,0.0,0.0,0.0,0.0,0.0,0.0,0.0,0.0,2.0
426,314535.0,1.0,0.0,0.0,0.0,0.0,0.0,0.0,0.0,0.0,0.0,0.0,1.0
427,314590.0,1.0,0.0,0.0,0.0,0.0,0.0,0.0,0.0,0.0,0.0,0.0,1.0
428,314690.0,0.0,0.0,0.0,0.0,0.0,0.0,0.0,0.0,0.0,0.0,0.0,0.0
429,314760.0,1.0,0.0,1.0,0.0,0.0,0.0,0.0,0.0,0.0,0.0,0.0,2.0
430,314790.0,1.0,0.0,0.0,0.0,0.0,0.0,0.0,0.0,0.0,0.0,0.0,1.0
431,314910.0,0.0,0.0,0.0,1.0,0.0,0.0,0.0,0.0,0.0,0.0,0.0,1.0
432,314930.0,1.0,0.0,0.0,0.0,0.0,0.0,0.0,0.0,0.0,0.0,0.0,1.0
433,314940.0,1.0,0.0,0.0,0.0,0.0,0.0,0.0,0.0,0.0,0.0,0.0,1.0
434,315170.0,1.0,0.0,1.0,0.0,0.0,0.0,0.0,0.0,0.0,0.0,0.0,2.0
435,315180.0,2.0,0.0,0.0,1.0,0.0,0.0,0.0,0.0,0.0,0.0,0.0,3.0
436,315250.0,2.0,1.0,1.0,0.0,1.0,0.0,1.0,0.0,0.0,0.0,0.0,6.0
437,315390.0,1.0,0.0,0.0,0.0,0.0,0.0,0.0,0.0,0.0,0.0,0.0,1.0
438,315460.0,4.0,2.0,0.0,0.0,0.0,0.0,0.0,0.0,0.0,0.0,0.0,6.0
439,315540.0,1.0,0.0,0.0,0.0,0.0,0.0,0.0,0.0,0.0,0.0,0.0,1.0
440,315600.0,0.0,0.0,0.0,0.0,0.0,1.0,0.0,0.0,0.0,0.0,0.0,1.0
441,315670.0,0.0,0.0,0.0,0.0,0.0,0.0,0.0,0.0,0.0,0.0,1.0,1.0
442,315727.0,1.0,0.0,0.0,0.0,0.0,0.0,0.0,0.0,0.0,0.0,0.0,1.0
443,315780.0,1.0,0.0,0.0,0.0,0.0,0.0,0.0,0.0,0.0,0.0,0.0,1.0
444,315990.0,1.0,0.0,0.0,0.0,0.0,0.0,0.0,0.0,0.0,0.0,1.0,2.0
445,316250.0,0.0,3.0,0.0,0.0,0.0,0.0,0.0,0.0,0.0,0.0,0.0,3.0
446,316295.0,1.0,0.0,0.0,0.0,0.0,0.0,0.0,0.0,0.0,0.0,0.0,1.0
447,316370.0,1.0,0.0,0.0,0.0,0.0,0.0,0.0,0.0,0.0,0.0,0.0,1.0
448,316470.0,0.0,1.0,0.0,0.0,0.0,0.0,0.0,0.0,0.0,0.0,0.0,1.0
449,316720.0,0.0,0.0,0.0,0.0,1.0,0.0,0.0,0.0,0.0,0.0,0.0,1.0
450,316910.0,1.0,0.0,0.0,0.0,0.0,0.0,0.0,0.0,0.0,0.0,0.0,1.0
451,316930.0,0.0,0.0,1.0,0.0,0.0,0.0,0.0,0.0,0.0,0.0,0.0,1.0
452,316940.0,1.0,0.0,0.0,0.0,0.0,0.0,0.0,0.0,0.0,0.0,0.0,1.0
453,316990.0,1.0,0.0,0.0,0.0,0.0,0.0,0.0,1.0,0.0,0.0,0.0,2.0
454,317020.0,9.0,0.0,8.0,3.0,0.0,1.0,0.0,0.0,0.0,0.0,4.0,25.0
455,317040.0,0.0,0.0,1.0,0.0,0.0,0.0,0.0,0.0,0.0,0.0,0.0,1.0
456,317120.0,1.0,0.0,0.0,0.0,0.0,0.0,0.0,0.0,0.0,0.0,0.0,1.0
457,317130.0,1.0,0.0,0.0,0.0,0.0,0.0,0.0,0.0,0.0,0.0,0.0,1.0
458,317200.0,1.0,0.0,0.0,0.0,0.0,0.0,0.0,0.0,0.0,0.0,0.0,1.0
459,320020.0,0.0,1.0,0.0,0.0,0.0,0.0,0.0,0.0,0.0,0.0,0.0,1.0
460,320130.0,1.0,1.0,0.0,0.0,0.0,0.0,0.0,0.0,0.0,0.0,0.0,2.0
461,320270.0,0.0,0.0,0.0,1.0,0.0,1.0,0.0,0.0,0.0,0.0,0.0,2.0
462,320530.0,0.0,0.0,1.0,0.0,1.0,0.0,0.0,0.0,0.0,0.0,0.0,2.0
463,330010.0,2.0,0.0,0.0,0.0,0.0,0.0,0.0,0.0,0.0,0.0,0.0,2.0
464,330020.0,0.0,1.0,0.0,0.0,0.0,0.0,0.0,0.0,0.0,0.0,0.0,1.0
465,330023.0,0.0,2.0,0.0,0.0,0.0,0.0,0.0,0.0,0.0,0.0,0.0,2.0
466,330030.0,0.0,0.0,0.0,0.0,1.0,0.0,0.0,0.0,0.0,0.0,0.0,1.0
467,330045.0,70.0,0.0,6.0,2.0,1.0,4.0,0.0,0.0,0.0,0.0,0.0,83.0
468,330070.0,0.0,1.0,0.0,0.0,0.0,0.0,0.0,0.0,0.0,0.0,0.0,1.0
469,330080.0,1.0,0.0,0.0,0.0,0.0,0.0,0.0,0.0,0.0,0.0,0.0,1.0
470,330095.0,0.0,0.0,0.0,0.0,0.0,0.0,1.0,0.0,0.0,0.0,0.0,1.0
471,330130.0,0.0,0.0,0.0,0.0,0.0,0.0,0.0,2.0,0.0,0.0,0.0,2.0
472,330170.0,202.0,6.0,24.0,5.0,5.0,21.0,0.0,1.0,0.0,0.0,11.0,275.0
473,330187.0,1.0,0.0,0.0,0.0,0.0,0.0,0.0,0.0,0.0,0.0,0.0,1.0
474,330190.0,5.0,2.0,2.0,0.0,0.0,0.0,1.0,0.0,0.0,0.0,0.0,10.0
475,330200.0,1.0,1.0,0.0,0.0,1.0,0.0,0.0,0.0,0.0,0.0,0.0,3.0
476,330220.0,1.0,0.0,0.0,1.0,0.0,0.0,0.0,0.0,0.0,0.0,0.0,2.0
477,330227.0,1.0,0.0,1.0,0.0,0.0,0.0,0.0,0.0,0.0,0.0,0.0,2.0
478,330240.0,1.0,3.0,0.0,4.0,0.0,0.0,0.0,0.0,0.0,0.0,0.0,8.0
479,330250.0,28.0,3.0,4.0,2.0,0.0,2.0,1.0,0.0,0.0,0.0,1.0,41.0
480,330270.0,0.0,1.0,0.0,0.0,0.0,0.0,0.0,0.0,0.0,0.0,0.0,1.0
481,330280.0,0.0,0.0,1.0,0.0,0.0,0.0,0.0,0.0,0.0,0.0,0.0,1.0
482,330285.0,6.0,2.0,2.0,3.0,0.0,1.0,0.0,0.0,0.0,0.0,1.0,15.0
483,330320.0,9.0,1.0,2.0,0.0,1.0,0.0,0.0,0.0,0.0,0.0,0.0,13.0
484,330330.0,8.0,24.0,37.0,13.0,5.0,1.0,2.0,0.0,0.0,0.0,2.0,92.0
485,330340.0,2.0,4.0,18.0,10.0,1.0,0.0,1.0,0.0,0.0,0.0,1.0,37.0
486,330350.0,77.0,18.0,26.0,7.0,2.0,10.0,3.0,0.0,0.0,0.0,10.0,153.0
487,330380.0,6.0,0.0,2.0,0.0,1.0,1.0,2.0,0.0,0.0,0.0,1.0,13.0
488,330385.0,0.0,0.0,2.0,0.0,0.0,0.0,0.0,0.0,0.0,0.0,0.0,2.0
489,330390.0,2.0,2.0,2.0,1.0,3.0,0.0,0.0,0.0,0.0,0.0,1.0,11.0
490,330411.0,0.0,0.0,2.0,0.0,0.0,0.0,0.0,0.0,0.0,0.0,0.0,2.0
491,330414.0,11.0,0.0,0.0,0.0,0.0,1.0,0.0,0.0,0.0,0.0,0.0,12.0
492,330420.0,0.0,1.0,0.0,0.0,0.0,0.0,0.0,0.0,0.0,0.0,0.0,1.0
493,330430.0,0.0,2.0,2.0,1.0,1.0,0.0,0.0,0.0,0.0,0.0,0.0,6.0
494,330450.0,0.0,0.0,1.0,0.0,0.0,0.0,0.0,0.0,0.0,0.0,0.0,1.0
495,330452.0,0.0,1.0,1.0,0.0,0.0,0.0,0.0,0.0,0.0,0.0,0.0,2.0
496,330455.0,131.0,168.0,294.0,101.0,27.0,13.0,27.0,1.0,0.0,1.0,12.0,775.0
497,330490.0,14.0,8.0,7.0,3.0,1.0,1.0,1.0,0.0,0.0,0.0,2.0,37.0
498,330510.0,66.0,15.0,15.0,2.0,3.0,8.0,1.0,0.0,0.0,0.0,8.0,118.0
499,330520.0,1.0,0.0,0.0,0.0,0.0,0.0,0.0,0.0,0.0,0.0,0.0,1.0
500,330550.0,0.0,0.0,2.0,0.0,0.0,0.0,0.0,0.0,0.0,0.0,0.0,2.0
501,330555.0,0.0,0.0,1.0,0.0,0.0,0.0,0.0,0.0,0.0,0.0,0.0,1.0
502,330575.0,0.0,0.0,1.0,0.0,0.0,0.0,0.0,0.0,0.0,0.0,0.0,1.0
503,330580.0,0.0,14.0,11.0,3.0,0.0,0.0,1.0,0.0,0.0,0.0,1.0,30.0
504,330610.0,0.0,12.0,14.0,0.0,0.0,0.0,0.0,0.0,0.0,0.0,0.0,26.0
505,330630.0,0.0,2.0,0.0,1.0,0.0,1.0,0.0,0.0,0.0,0.0,0.0,4.0
506,350010.0,2.0,0.0,0.0,0.0,0.0,0.0,0.0,0.0,0.0,0.0,0.0,2.0
507,350030.0,0.0,1.0,0.0,0.0,0.0,0.0,0.0,0.0,0.0,0.0,0.0,1.0
508,350050.0,0.0,0.0,1.0,0.0,0.0,0.0,0.0,0.0,0.0,0.0,0.0,1.0
509,350070.0,2.0,1.0,0.0,1.0,0.0,1.0,0.0,0.0,0.0,0.0,0.0,5.0
510,350100.0,2.0,0.0,0.0,0.0,0.0,1.0,0.0,0.0,0.0,0.0,0.0,3.0
511,350150.0,3.0,0.0,0.0,0.0,0.0,0.0,0.0,0.0,0.0,0.0,0.0,3.0
512,350160.0,0.0,2.0,0.0,1.0,4.0,2.0,1.0,0.0,0.0,0.0,0.0,10.0
513,350190.0,2.0,0.0,0.0,0.0,0.0,0.0,0.0,0.0,0.0,0.0,0.0,2.0
514,350210.0,1.0,0.0,0.0,0.0,0.0,0.0,0.0,0.0,0.0,0.0,0.0,1.0
515,350220.0,5.0,0.0,0.0,0.0,0.0,1.0,0.0,0.0,0.0,0.0,0.0,6.0
516,350240.0,0.0,0.0,1.0,0.0,0.0,1.0,0.0,0.0,0.0,0.0,0.0,2.0
517,350250.0,0.0,1.0,1.0,0.0,0.0,0.0,2.0,0.0,0.0,0.0,0.0,4.0
518,350275.0,3.0,0.0,2.0,0.0,0.0,1.0,0.0,0.0,0.0,0.0,1.0,7.0
519,350280.0,9.0,1.0,4.0,0.0,0.0,1.0,0.0,0.0,0.0,0.0,1.0,16.0
520,350310.0,1.0,0.0,0.0,0.0,0.0,0.0,0.0,0.0,0.0,0.0,0.0,1.0
521,350320.0,1.0,0.0,0.0,0.0,0.0,0.0,0.0,0.0,0.0,0.0,0.0,1.0
522,350330.0,4.0,6.0,2.0,1.0,0.0,0.0,2.0,0.0,0.0,0.0,0.0,15.0
523,350380.0,3.0,0.0,0.0,0.0,1.0,1.0,1.0,0.0,0.0,0.0,0.0,6.0
524,350390.0,14.0,2.0,16.0,5.0,4.0,1.0,2.0,0.0,0.0,0.0,3.0,47.0
525,350400.0,1.0,0.0,0.0,0.0,0.0,0.0,0.0,0.0,0.0,0.0,0.0,1.0
526,350410.0,22.0,3.0,7.0,9.0,2.0,2.0,0.0,0.0,0.0,0.0,1.0,46.0
527,350420.0,0.0,0.0,0.0,1.0,0.0,0.0,0.0,0.0,0.0,0.0,0.0,1.0
528,350430.0,0.0,1.0,0.0,0.0,0.0,0.0,0.0,0.0,0.0,0.0,0.0,1.0
529,350450.0,0.0,0.0,0.0,0.0,0.0,1.0,0.0,0.0,0.0,0.0,0.0,1.0
530,350460.0,6.0,0.0,0.0,0.0,0.0,1.0,0.0,0.0,0.0,0.0,0.0,7.0
531,350520.0,0.0,0.0,1.0,1.0,0.0,0.0,0.0,0.0,0.0,0.0,0.0,2.0
532,350530.0,0.0,1.0,0.0,0.0,0.0,0.0,0.0,0.0,0.0,0.0,0.0,1.0
533,350550.0,6.0,0.0,1.0,0.0,0.0,1.0,0.0,0.0,0.0,0.0,0.0,8.0
534,350560.0,2.0,0.0,1.0,0.0,0.0,0.0,0.0,0.0,0.0,0.0,0.0,3.0
535,350570.0,107.0,28.0,85.0,43.0,15.0,5.0,9.0,0.0,0.0,0.0,3.0,295.0
536,350580.0,1.0,0.0,0.0,0.0,0.0,0.0,0.0,0.0,0.0,0.0,0.0,1.0
537,350600.0,19.0,17.0,27.0,7.0,7.0,5.0,1.0,1.0,0.0,0.0,2.0,86.0
538,350610.0,0.0,0.0,3.0,0.0,0.0,0.0,0.0,0.0,0.0,0.0,0.0,3.0
539,350635.0,13.0,8.0,16.0,4.0,1.0,1.0,0.0,0.0,0.0,0.0,1.0,44.0
540,350650.0,1.0,1.0,0.0,1.0,2.0,0.0,0.0,0.0,0.0,0.0,0.0,5.0
541,350660.0,1.0,1.0,0.0,1.0,0.0,0.0,0.0,0.0,0.0,0.0,0.0,3.0
542,350700.0,3.0,0.0,0.0,0.0,0.0,0.0,0.0,0.0,0.0,0.0,0.0,3.0
543,350710.0,3.0,1.0,2.0,1.0,0.0,1.0,0.0,0.0,0.0,0.0,0.0,8.0
544,350750.0,1.0,0.0,0.0,0.0,1.0,0.0,1.0,0.0,0.0,0.0,0.0,3.0
545,350760.0,18.0,0.0,7.0,2.0,1.0,2.0,1.0,1.0,0.0,0.0,0.0,32.0
546,350790.0,1.0,0.0,0.0,0.0,0.0,0.0,0.0,0.0,0.0,0.0,0.0,1.0
547,350810.0,1.0,0.0,0.0,0.0,0.0,1.0,0.0,0.0,0.0,0.0,0.0,2.0
548,350840.0,0.0,0.0,1.0,2.0,0.0,0.0,0.0,0.0,0.0,0.0,0.0,3.0
549,350850.0,12.0,5.0,7.0,2.0,0.0,5.0,1.0,0.0,0.0,0.0,4.0,36.0
550,350860.0,1.0,0.0,0.0,0.0,0.0,0.0,0.0,0.0,0.0,0.0,0.0,1.0
551,350870.0,1.0,0.0,0.0,0.0,0.0,0.0,0.0,0.0,0.0,0.0,0.0,1.0
552,350900.0,16.0,30.0,35.0,11.0,1.0,1.0,1.0,0.0,0.0,0.0,0.0,95.0
553,350920.0,10.0,7.0,12.0,8.0,2.0,1.0,0.0,0.0,0.0,0.0,0.0,40.0
554,350925.0,1.0,2.0,0.0,0.0,0.0,1.0,0.0,0.0,0.0,0.0,1.0,5.0
555,350930.0,0.0,0.0,0.0,0.0,0.0,0.0,0.0,0.0,1.0,0.0,0.0,1.0
556,350945.0,1.0,0.0,0.0,0.0,0.0,0.0,0.0,0.0,0.0,0.0,0.0,1.0
557,350950.0,92.0,28.0,42.0,23.0,8.0,4.0,4.0,2.0,0.0,0.0,5.0,208.0
558,350960.0,11.0,11.0,7.0,6.0,2.0,0.0,1.0,0.0,0.0,0.0,1.0,39.0
559,350970.0,3.0,0.0,0.0,0.0,1.0,1.0,0.0,0.0,0.0,0.0,0.0,5.0
560,351000.0,3.0,0.0,2.0,1.0,0.0,0.0,0.0,0.0,0.0,0.0,1.0,7.0
561,351020.0,0.0,0.0,1.0,0.0,0.0,1.0,0.0,0.0,0.0,0.0,0.0,2.0
562,351030.0,7.0,1.0,0.0,0.0,0.0,0.0,0.0,0.0,0.0,0.0,1.0,9.0
563,351050.0,4.0,2.0,3.0,1.0,0.0,0.0,0.0,0.0,0.0,0.0,0.0,10.0
564,351060.0,102.0,36.0,120.0,43.0,10.0,5.0,8.0,1.0,0.0,0.0,5.0,330.0
565,351110.0,3.0,0.0,1.0,1.0,0.0,0.0,0.0,0.0,0.0,0.0,1.0,6.0
566,351150.0,2.0,1.0,1.0,0.0,1.0,0.0,0.0,0.0,0.0,0.0,0.0,5.0
567,351160.0,1.0,1.0,0.0,1.0,0.0,0.0,0.0,0.0,0.0,0.0,0.0,3.0
568,351210.0,1.0,0.0,0.0,0.0,0.0,0.0,0.0,0.0,0.0,0.0,0.0,1.0
569,351220.0,1.0,0.0,0.0,0.0,0.0,0.0,0.0,0.0,0.0,0.0,0.0,1.0
570,351240.0,3.0,0.0,0.0,0.0,0.0,0.0,0.0,0.0,0.0,0.0,0.0,3.0
571,351250.0,2.0,1.0,0.0,0.0,0.0,0.0,0.0,0.0,0.0,0.0,0.0,3.0
572,351280.0,1.0,0.0,2.0,0.0,0.0,1.0,0.0,0.0,0.0,0.0,0.0,4.0
573,351300.0,40.0,17.0,55.0,19.0,7.0,7.0,1.0,0.0,0.0,0.0,2.0,148.0
574,351310.0,0.0,3.0,2.0,0.0,0.0,0.0,0.0,0.0,0.0,0.0,0.0,5.0
575,351340.0,7.0,1.0,6.0,0.0,0.0,0.0,2.0,0.0,0.0,0.0,0.0,16.0
576,351350.0,10.0,4.0,5.0,1.0,0.0,1.0,0.0,0.0,0.0,0.0,2.0,23.0
577,351380.0,48.0,24.0,57.0,18.0,4.0,2.0,5.0,0.0,0.0,0.0,2.0,160.0
578,351390.0,0.0,0.0,3.0,1.0,4.0,0.0,1.0,0.0,0.0,0.0,0.0,9.0
579,351410.0,2.0,0.0,0.0,0.0,0.0,0.0,0.0,0.0,0.0,0.0,0.0,2.0
580,351430.0,0.0,0.0,1.0,0.0,0.0,0.0,0.0,0.0,0.0,0.0,0.0,1.0
581,351440.0,0.0,0.0,3.0,0.0,0.0,1.0,0.0,0.0,0.0,0.0,0.0,4.0
582,351450.0,0.0,0.0,1.0,0.0,0.0,1.0,0.0,0.0,0.0,0.0,0.0,2.0
583,351480.0,0.0,1.0,0.0,0.0,0.0,0.0,0.0,0.0,0.0,0.0,0.0,1.0
584,351500.0,22.0,10.0,16.0,8.0,1.0,2.0,0.0,0.0,0.0,0.0,1.0,60.0
585,351510.0,11.0,5.0,10.0,5.0,0.0,2.0,0.0,0.0,0.0,0.0,1.0,34.0
586,351515.0,1.0,0.0,0.0,0.0,0.0,1.0,0.0,0.0,0.0,0.0,0.0,2.0
587,351518.0,1.0,0.0,0.0,0.0,0.0,0.0,0.0,0.0,0.0,0.0,0.0,1.0
588,351550.0,57.0,4.0,3.0,7.0,4.0,9.0,4.0,1.0,1.0,0.0,10.0,100.0
589,351570.0,27.0,15.0,49.0,18.0,3.0,1.0,3.0,0.0,0.0,0.0,1.0,117.0
590,351600.0,0.0,1.0,0.0,0.0,0.0,0.0,0.0,0.0,0.0,0.0,0.0,1.0
591,351620.0,4.0,3.0,7.0,8.0,0.0,0.0,2.0,0.0,0.0,0.0,1.0,25.0
592,351630.0,131.0,130.0,241.0,76.0,17.0,23.0,8.0,0.0,0.0,0.0,9.0,635.0
593,351640.0,63.0,65.0,146.0,55.0,10.0,13.0,2.0,1.0,0.0,0.0,12.0,367.0
594,351650.0,1.0,0.0,0.0,0.0,0.0,0.0,0.0,0.0,0.0,0.0,0.0,1.0
595,351670.0,3.0,0.0,1.0,1.0,0.0,1.0,1.0,0.0,0.0,0.0,0.0,7.0
596,351690.0,0.0,0.0,1.0,0.0,0.0,0.0,0.0,0.0,0.0,0.0,0.0,1.0
597,351700.0,1.0,0.0,0.0,0.0,0.0,0.0,0.0,0.0,0.0,0.0,0.0,1.0
598,351730.0,0.0,0.0,0.0,0.0,1.0,0.0,0.0,0.0,0.0,0.0,0.0,1.0
599,351740.0,3.0,0.0,0.0,0.0,0.0,0.0,0.0,0.0,0.0,0.0,0.0,3.0
600,351750.0,2.0,0.0,0.0,0.0,0.0,0.0,0.0,0.0,0.0,0.0,0.0,2.0
601,351810.0,1.0,0.0,0.0,0.0,0.0,0.0,0.0,0.0,0.0,0.0,0.0,1.0
602,351820.0,1.0,0.0,0.0,0.0,0.0,0.0,0.0,0.0,0.0,0.0,0.0,1.0
603,351830.0,24.0,0.0,5.0,1.0,0.0,1.0,0.0,0.0,0.0,0.0,2.0,33.0
604,351840.0,1.0,0.0,0.0,1.0,0.0,0.0,0.0,0.0,0.0,0.0,0.0,2.0
605,351860.0,0.0,0.0,2.0,1.0,0.0,3.0,0.0,0.0,0.0,0.0,0.0,6.0
606,351870.0,32.0,3.0,9.0,3.0,1.0,1.0,1.0,0.0,0.0,0.0,2.0,52.0
607,351880.0,299.0,111.0,305.0,131.0,36.0,26.0,16.0,4.0,0.0,0.0,27.0,955.0
608,351905.0,0.0,0.0,1.0,0.0,0.0,0.0,0.0,0.0,0.0,0.0,0.0,1.0
609,351907.0,19.0,0.0,1.0,4.0,1.0,1.0,0.0,0.0,0.0,0.0,0.0,26.0
610,351920.0,1.0,0.0,0.0,0.0,0.0,0.0,0.0,0.0,0.0,0.0,0.0,1.0
611,351930.0,1.0,0.0,1.0,2.0,0.0,0.0,0.0,0.0,0.0,0.0,0.0,4.0
612,351940.0,1.0,0.0,0.0,0.0,0.0,0.0,0.0,0.0,0.0,0.0,0.0,1.0
613,351950.0,0.0,0.0,0.0,0.0,1.0,0.0,0.0,0.0,0.0,0.0,1.0,2.0
614,351960.0,1.0,1.0,2.0,0.0,0.0,0.0,1.0,0.0,0.0,0.0,1.0,6.0
615,351970.0,2.0,0.0,0.0,1.0,1.0,0.0,1.0,0.0,0.0,0.0,0.0,5.0
616,351980.0,2.0,0.0,0.0,0.0,0.0,0.0,0.0,0.0,0.0,0.0,0.0,2.0
617,352000.0,3.0,0.0,0.0,0.0,0.0,0.0,0.0,0.0,0.0,0.0,0.0,3.0
618,352020.0,0.0,0.0,2.0,0.0,0.0,0.0,0.0,0.0,0.0,0.0,0.0,2.0
619,352040.0,0.0,1.0,5.0,0.0,0.0,1.0,1.0,0.0,0.0,0.0,0.0,8.0
620,352044.0,2.0,0.0,0.0,0.0,0.0,0.0,0.0,0.0,0.0,0.0,0.0,2.0
621,352050.0,21.0,3.0,7.0,2.0,1.0,0.0,0.0,0.0,0.0,0.0,2.0,36.0
622,352090.0,0.0,1.0,0.0,0.0,0.0,0.0,0.0,0.0,0.0,0.0,0.0,1.0
623,352100.0,4.0,1.0,0.0,0.0,0.0,1.0,0.0,0.0,0.0,0.0,0.0,6.0
624,352210.0,9.0,0.0,3.0,0.0,1.0,2.0,1.0,0.0,0.0,0.0,0.0,16.0
625,352220.0,27.0,13.0,13.0,6.0,0.0,1.0,3.0,0.0,0.0,0.0,2.0,65.0
626,352230.0,12.0,1.0,3.0,5.0,0.0,2.0,0.0,0.0,0.0,0.0,2.0,25.0
627,352240.0,1.0,0.0,1.0,0.0,0.0,0.0,0.0,0.0,0.0,0.0,0.0,2.0
628,352250.0,43.0,8.0,30.0,7.0,1.0,2.0,0.0,0.0,0.0,0.0,2.0,93.0
629,352260.0,0.0,0.0,1.0,2.0,0.0,0.0,0.0,0.0,0.0,0.0,0.0,3.0
630,352270.0,2.0,0.0,0.0,0.0,0.0,0.0,0.0,0.0,0.0,0.0,0.0,2.0
631,352280.0,0.0,0.0,0.0,0.0,0.0,0.0,1.0,0.0,0.0,0.0,0.0,1.0
632,352290.0,2.0,0.0,0.0,0.0,0.0,0.0,0.0,0.0,0.0,0.0,0.0,2.0
633,352310.0,90.0,41.0,78.0,28.0,2.0,9.0,4.0,1.0,0.0,0.0,0.0,253.0
634,352330.0,0.0,1.0,0.0,0.0,0.0,0.0,0.0,0.0,0.0,0.0,0.0,1.0
635,352340.0,3.0,2.0,2.0,1.0,1.0,1.0,0.0,0.0,0.0,0.0,0.0,10.0
636,352360.0,0.0,0.0,0.0,1.0,0.0,0.0,0.0,0.0,0.0,0.0,0.0,1.0
637,352380.0,0.0,0.0,1.0,0.0,0.0,0.0,0.0,0.0,0.0,0.0,0.0,1.0
638,352390.0,27.0,1.0,11.0,3.0,1.0,1.0,0.0,0.0,0.0,0.0,2.0,46.0
639,352400.0,4.0,0.0,3.0,0.0,0.0,0.0,0.0,0.0,0.0,0.0,0.0,7.0
640,352420.0,3.0,0.0,0.0,0.0,0.0,0.0,0.0,0.0,0.0,0.0,0.0,3.0
641,352430.0,2.0,1.0,3.0,0.0,0.0,1.0,1.0,0.0,0.0,0.0,0.0,8.0
642,352440.0,3.0,3.0,3.0,3.0,2.0,0.0,0.0,0.0,0.0,0.0,1.0,15.0
643,352450.0,1.0,0.0,0.0,0.0,0.0,0.0,0.0,0.0,0.0,0.0,0.0,1.0
644,352470.0,17.0,0.0,1.0,1.0,0.0,2.0,0.0,0.0,0.0,0.0,0.0,21.0
645,352480.0,0.0,2.0,1.0,0.0,0.0,0.0,0.0,0.0,0.0,0.0,0.0,3.0
646,352500.0,27.0,9.0,20.0,11.0,8.0,1.0,1.0,0.0,0.0,0.0,0.0,77.0
647,352510.0,0.0,1.0,0.0,0.0,0.0,0.0,0.0,0.0,0.0,0.0,0.0,1.0
648,352520.0,1.0,0.0,0.0,0.0,0.0,0.0,0.0,0.0,0.0,0.0,0.0,1.0
649,352530.0,5.0,4.0,5.0,5.0,1.0,0.0,0.0,0.0,0.0,0.0,0.0,20.0
650,352550.0,3.0,1.0,1.0,0.0,1.0,0.0,1.0,0.0,0.0,0.0,0.0,7.0
651,352560.0,0.0,0.0,1.0,0.0,0.0,0.0,0.0,0.0,0.0,0.0,0.0,1.0
652,352570.0,5.0,0.0,0.0,0.0,0.0,0.0,0.0,0.0,0.0,0.0,0.0,5.0
653,352580.0,0.0,0.0,0.0,0.0,0.0,0.0,0.0,0.0,0.0,0.0,1.0,1.0
654,352585.0,0.0,0.0,1.0,0.0,0.0,0.0,0.0,0.0,0.0,0.0,0.0,1.0
655,352590.0,38.0,11.0,30.0,24.0,4.0,3.0,7.0,0.0,0.0,0.0,1.0,118.0
656,352600.0,2.0,1.0,1.0,0.0,0.0,0.0,0.0,0.0,0.0,0.0,0.0,4.0
657,352610.0,1.0,0.0,0.0,0.0,0.0,0.0,0.0,0.0,0.0,0.0,0.0,1.0
658,352620.0,3.0,0.0,3.0,0.0,1.0,0.0,0.0,0.0,0.0,0.0,0.0,7.0
659,352640.0,0.0,0.0,1.0,0.0,0.0,0.0,0.0,0.0,0.0,0.0,0.0,1.0
660,352660.0,1.0,0.0,0.0,0.0,0.0,0.0,0.0,0.0,0.0,0.0,0.0,1.0
661,352670.0,1.0,1.0,1.0,2.0,0.0,0.0,0.0,0.0,0.0,0.0,0.0,5.0
662,352690.0,28.0,12.0,10.0,4.0,0.0,0.0,0.0,0.0,0.0,0.0,0.0,54.0
663,352710.0,1.0,0.0,0.0,0.0,0.0,0.0,0.0,0.0,0.0,0.0,0.0,1.0
664,352720.0,4.0,0.0,3.0,1.0,0.0,1.0,2.0,0.0,0.0,0.0,0.0,11.0
665,352730.0,4.0,2.0,2.0,0.0,0.0,0.0,0.0,0.0,0.0,0.0,1.0,9.0
666,352740.0,1.0,0.0,0.0,0.0,1.0,0.0,0.0,0.0,0.0,0.0,0.0,2.0
667,352760.0,1.0,0.0,1.0,0.0,1.0,0.0,0.0,0.0,0.0,0.0,0.0,3.0
668,352780.0,2.0,0.0,0.0,0.0,0.0,0.0,0.0,0.0,0.0,0.0,0.0,2.0
669,352840.0,6.0,1.0,2.0,0.0,0.0,0.0,0.0,0.0,0.0,0.0,0.0,9.0
670,352850.0,42.0,7.0,22.0,7.0,6.0,8.0,3.0,1.0,0.0,1.0,5.0,102.0
671,352890.0,1.0,0.0,0.0,0.0,0.0,1.0,0.0,0.0,0.0,0.0,0.0,2.0
672,352900.0,18.0,2.0,2.0,3.0,2.0,3.0,1.0,0.0,0.0,0.0,2.0,33.0
673,352930.0,0.0,1.0,1.0,1.0,0.0,0.0,0.0,0.0,0.0,0.0,0.0,3.0
674,352940.0,108.0,39.0,104.0,42.0,11.0,6.0,7.0,1.0,1.0,0.0,3.0,322.0
675,352960.0,2.0,0.0,0.0,0.0,0.0,0.0,0.0,0.0,0.0,0.0,0.0,2.0
676,353010.0,0.0,0.0,0.0,0.0,0.0,1.0,0.0,0.0,0.0,0.0,0.0,1.0
677,353030.0,8.0,2.0,2.0,0.0,1.0,2.0,0.0,0.0,0.0,0.0,0.0,15.0
678,353040.0,0.0,1.0,0.0,0.0,0.0,0.0,0.0,0.0,0.0,0.0,0.0,1.0
679,353050.0,0.0,0.0,0.0,1.0,0.0,0.0,0.0,0.0,0.0,0.0,0.0,1.0
680,353060.0,59.0,24.0,48.0,27.0,5.0,4.0,4.0,0.0,0.0,1.0,2.0,174.0
681,353070.0,9.0,0.0,3.0,0.0,0.0,0.0,1.0,0.0,0.0,0.0,0.0,13.0
682,353080.0,7.0,0.0,2.0,0.0,0.0,0.0,0.0,0.0,0.0,0.0,0.0,9.0
683,353110.0,6.0,0.0,9.0,3.0,0.0,1.0,1.0,0.0,0.0,0.0,3.0,23.0
684,353120.0,0.0,0.0,1.0,0.0,0.0,0.0,0.0,0.0,0.0,0.0,0.0,1.0
685,353130.0,0.0,0.0,0.0,0.0,0.0,0.0,1.0,0.0,0.0,0.0,0.0,1.0
686,353140.0,1.0,0.0,0.0,0.0,0.0,0.0,0.0,0.0,0.0,0.0,0.0,1.0
687,353180.0,1.0,0.0,1.0,0.0,0.0,0.0,1.0,0.0,0.0,0.0,0.0,3.0
688,353190.0,2.0,0.0,0.0,0.0,0.0,0.0,0.0,0.0,0.0,0.0,0.0,2.0
689,353210.0,1.0,0.0,0.0,0.0,0.0,0.0,0.0,0.0,0.0,0.0,0.0,1.0
690,353240.0,0.0,0.0,3.0,0.0,0.0,0.0,0.0,0.0,0.0,0.0,0.0,3.0
691,353260.0,0.0,0.0,0.0,0.0,0.0,0.0,1.0,0.0,0.0,0.0,0.0,1.0
692,353300.0,1.0,0.0,0.0,0.0,0.0,0.0,0.0,0.0,0.0,0.0,0.0,1.0
693,353320.0,1.0,0.0,0.0,0.0,0.0,0.0,0.0,0.0,0.0,0.0,0.0,1.0
694,353340.0,1.0,0.0,1.0,0.0,0.0,0.0,0.0,0.0,0.0,0.0,0.0,2.0
695,353360.0,0.0,0.0,0.0,0.0,0.0,1.0,0.0,0.0,0.0,0.0,0.0,1.0
696,353390.0,1.0,0.0,1.0,0.0,0.0,0.0,0.0,0.0,0.0,0.0,0.0,2.0
697,353410.0,0.0,0.0,1.0,0.0,0.0,0.0,0.0,0.0,0.0,0.0,0.0,1.0
698,353440.0,101.0,48.0,128.0,50.0,19.0,7.0,6.0,2.0,1.0,0.0,7.0,369.0
699,353450.0,0.0,0.0,0.0,0.0,0.0,0.0,0.0,0.0,0.0,0.0,0.0,0.0
700,353470.0,11.0,2.0,3.0,1.0,2.0,0.0,2.0,0.0,0.0,0.0,3.0,24.0
701,353490.0,0.0,0.0,1.0,0.0,0.0,0.0,0.0,0.0,0.0,0.0,0.0,1.0
702,353540.0,1.0,0.0,0.0,0.0,0.0,0.0,0.0,0.0,0.0,0.0,0.0,1.0
703,353550.0,1.0,0.0,0.0,0.0,0.0,2.0,0.0,0.0,0.0,0.0,0.0,3.0
704,353560.0,1.0,0.0,0.0,0.0,0.0,0.0,0.0,0.0,0.0,0.0,0.0,1.0
705,353600.0,0.0,0.0,0.0,0.0,0.0,0.0,0.0,0.0,0.0,0.0,1.0,1.0
706,353620.0,1.0,0.0,0.0,0.0,0.0,0.0,0.0,0.0,0.0,0.0,0.0,1.0
707,353650.0,19.0,0.0,5.0,2.0,1.0,1.0,1.0,0.0,0.0,0.0,0.0,29.0
708,353670.0,2.0,0.0,0.0,0.0,1.0,1.0,0.0,0.0,0.0,0.0,0.0,4.0
709,353680.0,1.0,0.0,1.0,0.0,0.0,1.0,0.0,0.0,0.0,0.0,0.0,3.0
710,353710.0,0.0,0.0,3.0,0.0,0.0,0.0,0.0,0.0,0.0,0.0,0.0,3.0
711,353720.0,0.0,1.0,1.0,0.0,0.0,0.0,0.0,0.0,0.0,0.0,1.0,3.0
712,353730.0,1.0,0.0,1.0,0.0,0.0,0.0,0.0,0.0,0.0,0.0,0.0,2.0
713,353740.0,0.0,0.0,0.0,0.0,0.0,3.0,0.0,0.0,0.0,0.0,0.0,3.0
714,353760.0,13.0,0.0,2.0,4.0,0.0,3.0,0.0,0.0,0.0,0.0,1.0,23.0
715,353780.0,1.0,1.0,0.0,0.0,0.0,0.0,0.0,0.0,0.0,0.0,1.0,3.0
716,353790.0,0.0,0.0,0.0,0.0,1.0,0.0,0.0,0.0,0.0,0.0,0.0,1.0
717,353800.0,6.0,0.0,1.0,3.0,0.0,1.0,1.0,0.0,0.0,0.0,1.0,13.0
718,353860.0,0.0,1.0,2.0,0.0,0.0,0.0,0.0,0.0,0.0,0.0,0.0,3.0
719,353870.0,6.0,1.0,0.0,2.0,0.0,1.0,0.0,0.0,0.0,0.0,1.0,11.0
720,353880.0,1.0,0.0,0.0,0.0,0.0,0.0,0.0,0.0,0.0,0.0,0.0,1.0
721,353890.0,2.0,1.0,0.0,0.0,0.0,0.0,0.0,0.0,0.0,0.0,0.0,3.0
722,353910.0,1.0,0.0,0.0,2.0,0.0,0.0,0.0,0.0,0.0,0.0,0.0,3.0
723,353930.0,2.0,7.0,3.0,3.0,0.0,0.0,1.0,0.0,0.0,0.0,0.0,16.0
724,353940.0,1.0,0.0,1.0,0.0,0.0,0.0,0.0,0.0,0.0,0.0,0.0,2.0
725,353980.0,15.0,13.0,18.0,9.0,4.0,1.0,1.0,1.0,0.0,0.0,0.0,62.0
726,354020.0,4.0,0.0,0.0,1.0,0.0,1.0,0.0,0.0,0.0,0.0,0.0,6.0
727,354060.0,1.0,0.0,1.0,1.0,0.0,0.0,0.0,0.0,0.0,0.0,0.0,3.0
728,354070.0,7.0,1.0,0.0,0.0,0.0,1.0,1.0,0.0,0.0,0.0,1.0,11.0
729,354075.0,3.0,0.0,0.0,0.0,0.0,0.0,0.0,0.0,0.0,0.0,0.0,3.0
730,354080.0,1.0,0.0,0.0,0.0,0.0,0.0,0.0,0.0,0.0,0.0,0.0,1.0
731,354090.0,2.0,0.0,0.0,1.0,0.0,0.0,0.0,0.0,0.0,0.0,0.0,3.0
732,354100.0,39.0,10.0,56.0,25.0,6.0,3.0,6.0,1.0,0.0,0.0,2.0,148.0
733,354130.0,0.0,1.0,1.0,0.0,0.0,0.0,0.0,0.0,0.0,0.0,0.0,2.0
734,354140.0,3.0,2.0,6.0,3.0,0.0,1.0,0.0,0.0,0.0,0.0,0.0,15.0
735,354150.0,3.0,0.0,0.0,0.0,1.0,0.0,0.0,0.0,0.0,0.0,0.0,4.0
736,354160.0,0.0,1.0,0.0,0.0,0.0,0.0,0.0,0.0,0.0,0.0,0.0,1.0
737,354200.0,0.0,0.0,0.0,0.0,0.0,2.0,0.0,0.0,0.0,0.0,0.0,2.0
738,354220.0,0.0,0.0,0.0,1.0,0.0,0.0,0.0,0.0,0.0,0.0,0.0,1.0
739,354240.0,1.0,0.0,1.0,0.0,0.0,0.0,0.0,0.0,0.0,0.0,0.0,2.0
740,354260.0,2.0,1.0,2.0,0.0,1.0,1.0,0.0,0.0,0.0,0.0,1.0,8.0
741,354320.0,0.0,0.0,0.0,0.0,0.0,1.0,0.0,0.0,0.0,0.0,0.0,1.0
742,354330.0,33.0,8.0,27.0,17.0,4.0,1.0,2.0,1.0,0.0,0.0,0.0,93.0
743,354340.0,35.0,2.0,18.0,16.0,4.0,4.0,2.0,0.0,0.0,0.0,2.0,83.0
744,354370.0,1.0,0.0,0.0,0.0,0.0,0.0,0.0,0.0,0.0,0.0,0.0,1.0
745,354390.0,6.0,3.0,5.0,0.0,2.0,0.0,0.0,0.0,0.0,0.0,0.0,16.0
746,354410.0,16.0,6.0,15.0,6.0,3.0,7.0,1.0,0.0,0.0,0.0,1.0,55.0
747,354420.0,2.0,0.0,0.0,0.0,0.0,0.0,0.0,0.0,0.0,0.0,0.0,2.0
748,354425.0,1.0,0.0,0.0,0.0,0.0,0.0,0.0,0.0,0.0,0.0,0.0,1.0
749,354430.0,1.0,0.0,0.0,0.0,0.0,0.0,0.0,0.0,0.0,0.0,0.0,1.0
750,354450.0,1.0,0.0,0.0,0.0,0.0,1.0,0.0,0.0,0.0,0.0,0.0,2.0
751,354490.0,1.0,0.0,0.0,0.0,0.0,0.0,0.0,0.0,0.0,0.0,0.0,1.0
752,354520.0,7.0,1.0,2.0,1.0,0.0,0.0,0.0,0.0,0.0,0.0,0.0,11.0
753,354530.0,1.0,0.0,0.0,0.0,0.0,0.0,0.0,0.0,0.0,0.0,0.0,1.0
754,354540.0,1.0,0.0,2.0,0.0,0.0,0.0,0.0,0.0,0.0,0.0,0.0,3.0
755,354560.0,1.0,0.0,0.0,1.0,0.0,0.0,0.0,0.0,0.0,0.0,0.0,2.0
756,354580.0,6.0,1.0,0.0,0.0,1.0,0.0,2.0,2.0,0.0,0.0,0.0,12.0
757,354640.0,0.0,0.0,0.0,0.0,0.0,0.0,0.0,0.0,0.0,0.0,1.0,1.0
758,354660.0,1.0,0.0,0.0,0.0,0.0,0.0,0.0,0.0,0.0,0.0,0.0,1.0
759,354680.0,2.0,3.0,2.0,1.0,0.0,2.0,0.0,1.0,0.0,0.0,2.0,13.0
760,354730.0,22.0,6.0,10.0,3.0,4.0,3.0,1.0,0.0,0.0,0.0,0.0,49.0
761,354780.0,118.0,48.0,141.0,60.0,16.0,11.0,9.0,5.0,0.0,0.0,7.0,415.0
762,354800.0,1.0,0.0,0.0,0.0,0.0,0.0,0.0,0.0,0.0,0.0,0.0,1.0
763,354850.0,27.0,23.0,45.0,25.0,12.0,1.0,6.0,1.0,1.0,0.0,5.0,146.0
764,354870.0,129.0,57.0,139.0,55.0,16.0,9.0,13.0,0.0,0.0,0.0,6.0,424.0
765,354880.0,23.0,17.0,40.0,17.0,7.0,5.0,4.0,1.0,0.0,0.0,0.0,114.0
766,354890.0,7.0,5.0,7.0,6.0,2.0,3.0,0.0,0.0,0.0,0.0,2.0,32.0
767,354910.0,3.0,1.0,1.0,1.0,0.0,0.0,1.0,0.0,0.0,0.0,0.0,7.0
768,354940.0,0.0,0.0,0.0,0.0,0.0,0.0,0.0,0.0,0.0,0.0,1.0,1.0
769,354950.0,0.0,0.0,1.0,0.0,1.0,0.0,0.0,0.0,0.0,0.0,0.0,2.0
770,354970.0,0.0,1.0,6.0,1.0,0.0,0.0,1.0,0.0,0.0,0.0,0.0,9.0
771,354980.0,51.0,1.0,5.0,6.0,1.0,8.0,2.0,0.0,0.0,0.0,1.0,75.0
772,354990.0,35.0,10.0,16.0,13.0,3.0,6.0,1.0,1.0,0.0,0.0,3.0,88.0
773,355030.0,3125.0,1166.0,3161.0,1397.0,390.0,166.0,238.0,42.0,5.0,2.0,145.0,9837.0
774,355050.0,1.0,0.0,0.0,0.0,0.0,0.0,0.0,0.0,0.0,0.0,0.0,1.0
775,355060.0,12.0,1.0,3.0,0.0,0.0,1.0,0.0,0.0,0.0,0.0,1.0,18.0
776,355070.0,5.0,2.0,4.0,0.0,0.0,1.0,0.0,0.0,0.0,0.0,4.0,16.0
777,355080.0,0.0,1.0,1.0,0.0,0.0,0.0,0.0,0.0,0.0,0.0,0.0,2.0
778,355100.0,18.0,10.0,26.0,5.0,4.0,1.0,2.0,0.0,0.0,0.0,1.0,67.0
779,355110.0,3.0,0.0,0.0,0.0,0.0,0.0,0.0,0.0,0.0,0.0,0.0,3.0
780,355150.0,0.0,1.0,1.0,0.0,0.0,0.0,0.0,0.0,0.0,0.0,0.0,2.0
781,355160.0,7.0,2.0,4.0,1.0,2.0,3.0,0.0,0.0,0.0,0.0,0.0,19.0
782,355170.0,7.0,0.0,2.0,3.0,0.0,0.0,0.0,0.0,0.0,0.0,0.0,12.0
783,355210.0,0.0,1.0,0.0,0.0,1.0,0.0,0.0,0.0,0.0,0.0,0.0,2.0
784,355220.0,41.0,7.0,18.0,5.0,2.0,5.0,2.0,0.0,1.0,0.0,2.0,83.0
785,355240.0,16.0,3.0,3.0,0.0,2.0,2.0,0.0,0.0,0.0,0.0,2.0,28.0
786,355250.0,25.0,15.0,34.0,12.0,5.0,0.0,1.0,2.0,0.0,0.0,0.0,94.0
787,355260.0,1.0,0.0,0.0,0.0,0.0,0.0,0.0,0.0,0.0,0.0,0.0,1.0
788,355280.0,20.0,9.0,21.0,13.0,1.0,1.0,0.0,0.0,0.0,0.0,0.0,65.0
789,355340.0,1.0,0.0,0.0,0.0,0.0,0.0,0.0,0.0,0.0,0.0,0.0,1.0
790,355370.0,1.0,0.0,0.0,0.0,0.0,0.0,0.0,0.0,0.0,0.0,0.0,1.0
791,355380.0,1.0,0.0,0.0,0.0,0.0,0.0,0.0,0.0,0.0,0.0,0.0,1.0
792,355395.0,1.0,0.0,0.0,0.0,0.0,0.0,0.0,0.0,0.0,0.0,0.0,1.0
793,355400.0,17.0,2.0,4.0,1.0,0.0,0.0,0.0,0.0,0.0,0.0,1.0,25.0
794,355410.0,21.0,0.0,2.0,4.0,1.0,1.0,1.0,0.0,0.0,0.0,2.0,32.0
795,355430.0,2.0,0.0,0.0,0.0,0.0,0.0,0.0,0.0,0.0,0.0,0.0,2.0
796,355450.0,2.0,0.0,0.0,0.0,0.0,0.0,0.0,0.0,0.0,0.0,0.0,2.0
797,355480.0,3.0,2.0,1.0,0.0,0.0,2.0,0.0,0.0,0.0,0.0,2.0,10.0
798,355500.0,5.0,0.0,0.0,0.0,0.0,0.0,0.0,0.0,0.0,0.0,0.0,5.0
799,355510.0,1.0,0.0,0.0,0.0,0.0,0.0,0.0,0.0,0.0,0.0,0.0,1.0
800,355530.0,0.0,0.0,0.0,0.0,1.0,0.0,0.0,0.0,0.0,0.0,0.0,1.0
801,355540.0,3.0,0.0,1.0,1.0,1.0,4.0,0.0,0.0,0.0,0.0,0.0,10.0
802,355560.0,5.0,0.0,0.0,0.0,0.0,0.0,0.0,0.0,0.0,0.0,0.0,5.0
803,355580.0,1.0,0.0,0.0,0.0,0.0,0.0,0.0,0.0,0.0,0.0,0.0,1.0
804,355600.0,0.0,0.0,1.0,0.0,0.0,0.0,0.0,0.0,0.0,0.0,0.0,1.0
805,355610.0,1.0,0.0,2.0,0.0,1.0,0.0,0.0,0.0,0.0,0.0,0.0,4.0
806,355620.0,7.0,8.0,7.0,2.0,1.0,2.0,1.0,0.0,0.0,0.0,1.0,29.0
807,355630.0,0.0,0.0,2.0,2.0,0.0,0.0,0.0,0.0,0.0,0.0,0.0,4.0
808,355640.0,2.0,4.0,2.0,0.0,0.0,0.0,2.0,0.0,0.0,0.0,0.0,10.0
809,355645.0,13.0,1.0,3.0,0.0,2.0,1.0,0.0,0.0,0.0,0.0,0.0,20.0
810,355650.0,8.0,4.0,7.0,2.0,1.0,0.0,0.0,1.0,0.0,0.0,1.0,24.0
811,355670.0,10.0,1.0,5.0,3.0,1.0,0.0,0.0,0.0,0.0,0.0,0.0,20.0
812,355680.0,1.0,0.0,0.0,0.0,0.0,0.0,0.0,0.0,0.0,0.0,0.0,1.0
813,355700.0,5.0,1.0,1.0,0.0,0.0,1.0,0.0,0.0,0.0,0.0,1.0,9.0
814,355710.0,16.0,0.0,3.0,2.0,1.0,3.0,1.0,0.0,0.0,0.0,1.0,27.0
815,355730.0,1.0,0.0,0.0,0.0,0.0,0.0,0.0,0.0,0.0,0.0,0.0,1.0
816,410040.0,2.0,11.0,26.0,6.0,0.0,0.0,1.0,0.0,0.0,0.0,0.0,46.0
817,410120.0,0.0,0.0,0.0,1.0,0.0,0.0,0.0,0.0,0.0,0.0,0.0,1.0
818,410180.0,0.0,6.0,11.0,2.0,0.0,0.0,0.0,0.0,0.0,0.0,0.0,19.0
819,410230.0,1.0,0.0,3.0,0.0,0.0,0.0,0.0,0.0,0.0,0.0,0.0,4.0
820,410400.0,3.0,1.0,4.0,1.0,1.0,0.0,0.0,0.0,0.0,0.0,1.0,11.0
821,410410.0,0.0,0.0,3.0,1.0,0.0,0.0,0.0,0.0,0.0,0.0,0.0,4.0
822,410420.0,5.0,10.0,17.0,0.0,1.0,0.0,0.0,0.0,0.0,0.0,0.0,33.0
823,410425.0,0.0,3.0,8.0,0.0,0.0,0.0,0.0,0.0,1.0,0.0,0.0,12.0
824,410430.0,0.0,0.0,1.0,0.0,0.0,0.0,0.0,0.0,0.0,0.0,0.0,1.0
825,410470.0,0.0,0.0,3.0,1.0,0.0,0.0,0.0,0.0,0.0,0.0,0.0,4.0
826,410490.0,0.0,0.0,1.0,0.0,0.0,1.0,0.0,0.0,0.0,0.0,0.0,2.0
827,410550.0,0.0,0.0,1.0,0.0,0.0,0.0,0.0,0.0,0.0,0.0,0.0,1.0
828,410580.0,17.0,17.0,65.0,13.0,5.0,1.0,2.0,0.0,0.0,0.0,0.0,120.0
829,410680.0,0.0,1.0,0.0,0.0,0.0,0.0,0.0,0.0,0.0,0.0,0.0,1.0
830,410690.0,22.0,334.0,685.0,189.0,44.0,1.0,16.0,1.0,0.0,0.0,7.0,1299.0
831,410765.0,1.0,2.0,19.0,2.0,2.0,0.0,0.0,0.0,0.0,0.0,0.0,26.0
832,410832.0,0.0,1.0,0.0,0.0,0.0,0.0,0.0,0.0,0.0,0.0,0.0,1.0
833,410840.0,0.0,0.0,0.0,0.0,0.0,0.0,0.0,0.0,0.0,0.0,1.0,1.0
834,410850.0,0.0,1.0,0.0,0.0,0.0,0.0,0.0,0.0,0.0,0.0,0.0,1.0
835,410890.0,1.0,0.0,0.0,0.0,0.0,0.0,0.0,0.0,0.0,0.0,0.0,1.0
836,410940.0,0.0,0.0,2.0,0.0,0.0,0.0,1.0,0.0,0.0,0.0,0.0,3.0
837,410960.0,0.0,2.0,0.0,0.0,1.0,0.0,0.0,0.0,0.0,0.0,0.0,3.0
838,411010.0,1.0,0.0,0.0,0.0,0.0,0.0,0.0,0.0,0.0,0.0,0.0,1.0
839,411020.0,0.0,0.0,1.0,0.0,0.0,0.0,0.0,0.0,0.0,0.0,0.0,1.0
840,411070.0,2.0,1.0,3.0,2.0,0.0,0.0,0.0,0.0,0.0,0.0,0.0,8.0
841,411125.0,0.0,1.0,0.0,0.0,0.0,0.0,0.0,0.0,0.0,0.0,0.0,1.0
842,411180.0,3.0,2.0,2.0,0.0,0.0,0.0,1.0,0.0,0.0,0.0,0.0,8.0
843,411210.0,0.0,0.0,1.0,0.0,0.0,0.0,0.0,0.0,0.0,0.0,0.0,1.0
844,411320.0,0.0,0.0,2.0,0.0,0.0,0.0,0.0,0.0,0.0,0.0,0.0,2.0
845,411370.0,0.0,4.0,3.0,1.0,0.0,0.0,0.0,0.0,0.0,0.0,0.0,8.0
846,411390.0,1.0,2.0,0.0,0.0,0.0,0.0,0.0,0.0,0.0,0.0,0.0,3.0
847,411460.0,0.0,0.0,1.0,0.0,0.0,0.0,0.0,0.0,0.0,0.0,0.0,1.0
848,411500.0,1.0,0.0,0.0,0.0,0.0,0.0,0.0,0.0,0.0,0.0,0.0,1.0
849,411520.0,0.0,0.0,3.0,0.0,0.0,0.0,0.0,0.0,0.0,0.0,0.0,3.0
850,411570.0,0.0,0.0,0.0,0.0,1.0,0.0,0.0,0.0,0.0,0.0,0.0,1.0
851,411605.0,1.0,0.0,0.0,0.0,0.0,0.0,0.0,0.0,0.0,0.0,0.0,1.0
852,411730.0,2.0,0.0,0.0,0.0,0.0,0.0,0.0,0.0,0.0,0.0,0.0,2.0
853,411800.0,0.0,0.0,0.0,0.0,0.0,0.0,1.0,0.0,0.0,0.0,0.0,1.0
854,411820.0,2.0,0.0,3.0,0.0,1.0,0.0,0.0,0.0,0.0,0.0,1.0,7.0
855,411860.0,0.0,2.0,1.0,0.0,0.0,0.0,0.0,0.0,0.0,0.0,0.0,3.0
856,411915.0,4.0,7.0,31.0,4.0,2.0,0.0,2.0,0.0,0.0,0.0,0.0,50.0
857,411950.0,5.0,4.0,13.0,7.0,3.0,0.0,1.0,0.0,0.0,0.0,0.0,33.0
858,411990.0,0.0,0.0,1.0,0.0,0.0,0.0,0.0,0.0,0.0,0.0,0.0,1.0
859,411995.0,0.0,0.0,0.0,0.0,0.0,0.0,1.0,0.0,0.0,0.0,0.0,1.0
860,412080.0,0.0,2.0,5.0,0.0,0.0,1.0,0.0,0.0,0.0,0.0,0.0,8.0
861,412120.0,1.0,0.0,0.0,0.0,0.0,0.0,0.0,0.0,0.0,0.0,0.0,1.0
862,412220.0,1.0,4.0,2.0,1.0,0.0,0.0,0.0,0.0,0.0,0.0,1.0,9.0
863,412240.0,0.0,0.0,1.0,0.0,0.0,0.0,0.0,0.0,0.0,0.0,0.0,1.0
864,412350.0,0.0,0.0,1.0,0.0,0.0,0.0,0.0,0.0,0.0,0.0,0.0,1.0
865,412550.0,4.0,13.0,18.0,8.0,0.0,1.0,1.0,0.0,0.0,0.0,0.0,45.0
866,412560.0,0.0,1.0,0.0,0.0,0.0,0.0,0.0,0.0,0.0,0.0,0.0,1.0
867,412625.0,2.0,0.0,2.0,0.0,1.0,0.0,0.0,0.0,0.0,0.0,0.0,5.0
868,412770.0,0.0,1.0,1.0,1.0,0.0,0.0,0.0,0.0,0.0,0.0,0.0,3.0
869,412790.0,1.0,0.0,0.0,0.0,0.0,0.0,0.0,0.0,0.0,0.0,0.0,1.0
870,412820.0,1.0,4.0,6.0,2.0,0.0,0.0,0.0,0.0,0.0,0.0,0.0,13.0
871,420075.0,0.0,0.0,1.0,0.0,0.0,0.0,0.0,0.0,0.0,0.0,0.0,1.0
872,420130.0,0.0,0.0,2.0,0.0,0.0,1.0,0.0,0.0,0.0,0.0,0.0,3.0
873,420200.0,0.0,0.0,1.0,0.0,0.0,0.0,0.0,0.0,0.0,0.0,0.0,1.0
874,420210.0,3.0,0.0,0.0,0.0,0.0,0.0,0.0,0.0,0.0,0.0,0.0,3.0
875,420240.0,0.0,0.0,2.0,0.0,0.0,0.0,0.0,0.0,0.0,0.0,0.0,2.0
876,420290.0,1.0,1.0,0.0,0.0,0.0,0.0,0.0,0.0,0.0,0.0,0.0,2.0
877,420300.0,0.0,0.0,1.0,0.0,0.0,0.0,0.0,0.0,0.0,0.0,0.0,1.0
878,420380.0,3.0,3.0,2.0,2.0,0.0,0.0,0.0,0.0,0.0,0.0,0.0,10.0
879,420420.0,0.0,0.0,1.0,0.0,0.0,0.0,0.0,0.0,0.0,0.0,0.0,1.0
880,420430.0,0.0,12.0,4.0,1.0,0.0,0.0,0.0,0.0,0.0,0.0,0.0,17.0
881,420540.0,6.0,19.0,47.0,20.0,1.0,5.0,4.0,0.0,0.0,0.0,5.0,107.0
882,420590.0,0.0,0.0,1.0,0.0,0.0,0.0,0.0,0.0,0.0,0.0,0.0,1.0
883,420600.0,1.0,0.0,0.0,0.0,0.0,0.0,0.0,0.0,0.0,0.0,0.0,1.0
884,420630.0,0.0,0.0,1.0,0.0,0.0,0.0,0.0,0.0,0.0,0.0,0.0,1.0
885,420650.0,0.0,0.0,3.0,1.0,0.0,0.0,0.0,0.0,0.0,0.0,0.0,4.0
886,420730.0,0.0,0.0,1.0,0.0,0.0,0.0,0.0,0.0,0.0,0.0,0.0,1.0
887,420750.0,0.0,0.0,1.0,0.0,0.0,0.0,0.0,0.0,0.0,0.0,0.0,1.0
888,420800.0,0.0,1.0,0.0,0.0,0.0,0.0,0.0,0.0,0.0,0.0,0.0,1.0
889,420845.0,1.0,1.0,0.0,1.0,0.0,0.0,0.0,0.0,0.0,0.0,0.0,3.0
890,420860.0,0.0,1.0,0.0,0.0,0.0,0.0,0.0,0.0,0.0,0.0,0.0,1.0
891,420890.0,0.0,2.0,9.0,4.0,0.0,0.0,0.0,0.0,0.0,0.0,0.0,15.0
892,420910.0,6.0,58.0,69.0,9.0,5.0,0.0,2.0,0.0,0.0,0.0,0.0,149.0
893,421010.0,0.0,1.0,1.0,1.0,0.0,0.0,0.0,0.0,0.0,0.0,0.0,3.0
894,421050.0,0.0,0.0,1.0,0.0,0.0,0.0,0.0,0.0,0.0,0.0,0.0,1.0
895,421090.0,0.0,1.0,0.0,0.0,0.0,0.0,0.0,0.0,0.0,0.0,0.0,1.0
896,421110.0,0.0,1.0,0.0,0.0,1.0,0.0,0.0,0.0,0.0,0.0,0.0,2.0
897,421190.0,1.0,0.0,5.0,3.0,0.0,0.0,0.0,0.0,0.0,0.0,0.0,9.0
898,421260.0,0.0,3.0,0.0,1.0,0.0,0.0,0.0,0.0,0.0,0.0,0.0,4.0
899,421280.0,0.0,0.0,1.0,0.0,1.0,0.0,0.0,0.0,0.0,0.0,0.0,2.0
900,421320.0,0.0,0.0,1.0,0.0,0.0,0.0,0.0,0.0,0.0,0.0,0.0,1.0
901,421360.0,2.0,4.0,7.0,2.0,0.0,0.0,0.0,0.0,0.0,0.0,0.0,15.0
902,421390.0,0.0,0.0,0.0,0.0,0.0,1.0,0.0,0.0,0.0,0.0,0.0,1.0
903,421470.0,0.0,0.0,1.0,0.0,0.0,0.0,0.0,0.0,0.0,0.0,0.0,1.0
904,421580.0,0.0,1.0,4.0,2.0,0.0,0.0,0.0,0.0,0.0,0.0,0.0,7.0
905,421620.0,1.0,0.0,3.0,0.0,0.0,0.0,0.0,0.0,0.0,0.0,0.0,4.0
906,421630.0,1.0,0.0,1.0,0.0,0.0,0.0,0.0,0.0,0.0,0.0,0.0,2.0
907,421660.0,1.0,3.0,2.0,0.0,1.0,0.0,0.0,0.0,0.0,0.0,0.0,7.0
908,421740.0,2.0,0.0,5.0,2.0,0.0,0.0,0.0,0.0,0.0,0.0,0.0,9.0
909,421750.0,1.0,1.0,1.0,0.0,0.0,0.0,0.0,0.0,0.0,0.0,0.0,3.0
910,421830.0,0.0,0.0,0.0,0.0,0.0,0.0,1.0,0.0,0.0,0.0,0.0,1.0
911,421870.0,1.0,1.0,2.0,1.0,0.0,0.0,0.0,0.0,0.0,0.0,0.0,5.0
912,421917.0,0.0,1.0,0.0,0.0,0.0,0.0,0.0,0.0,0.0,0.0,0.0,1.0
913,421930.0,0.0,0.0,1.0,0.0,0.0,0.0,0.0,0.0,0.0,0.0,0.0,1.0
914,430060.0,2.0,0.0,2.0,0.0,0.0,1.0,0.0,0.0,0.0,0.0,1.0,6.0
915,430160.0,0.0,0.0,0.0,0.0,1.0,0.0,0.0,0.0,0.0,0.0,0.0,1.0
916,430210.0,2.0,1.0,1.0,0.0,1.0,0.0,0.0,0.0,0.0,0.0,0.0,5.0
917,430310.0,9.0,6.0,4.0,2.0,0.0,0.0,0.0,0.0,0.0,0.0,1.0,22.0
918,430460.0,0.0,2.0,3.0,0.0,1.0,0.0,1.0,0.0,0.0,0.0,0.0,7.0
919,430463.0,0.0,0.0,0.0,0.0,1.0,0.0,0.0,0.0,0.0,0.0,0.0,1.0
920,430470.0,0.0,1.0,0.0,0.0,0.0,0.0,0.0,0.0,0.0,0.0,0.0,1.0
921,430485.0,0.0,1.0,0.0,0.0,0.0,0.0,0.0,0.0,0.0,0.0,0.0,1.0
922,430640.0,0.0,0.0,1.0,0.0,0.0,0.0,0.0,0.0,0.0,0.0,0.0,1.0
923,430770.0,1.0,3.0,0.0,0.0,0.0,0.0,0.0,0.0,0.0,0.0,0.0,4.0
924,430920.0,18.0,5.0,14.0,1.0,1.0,0.0,0.0,0.0,0.0,0.0,1.0,40.0
925,431020.0,0.0,0.0,2.0,0.0,0.0,0.0,0.0,0.0,0.0,0.0,0.0,2.0
926,431130.0,0.0,1.0,0.0,0.0,0.0,0.0,0.0,0.0,0.0,0.0,0.0,1.0
927,431490.0,4.0,20.0,29.0,9.0,3.0,0.0,2.0,1.0,0.0,0.0,7.0,75.0
928,431760.0,0.0,0.0,1.0,0.0,0.0,0.0,0.0,0.0,0.0,0.0,0.0,1.0
929,431870.0,1.0,1.0,5.0,1.0,0.0,0.0,0.0,0.0,0.0,0.0,0.0,8.0
930,431890.0,1.0,0.0,0.0,0.0,0.0,0.0,0.0,0.0,0.0,0.0,0.0,1.0
931,432000.0,0.0,7.0,0.0,0.0,1.0,0.0,0.0,0.0,0.0,0.0,1.0,9.0
932,432160.0,1.0,0.0,1.0,1.0,0.0,0.0,0.0,0.0,0.0,0.0,0.0,3.0
933,432195.0,0.0,2.0,0.0,0.0,0.0,0.0,0.0,0.0,0.0,0.0,0.0,2.0
934,432240.0,0.0,0.0,1.0,0.0,0.0,0.0,0.0,0.0,0.0,0.0,0.0,1.0
935,432250.0,0.0,0.0,1.0,0.0,0.0,0.0,0.0,0.0,0.0,0.0,0.0,1.0
936,432300.0,4.0,1.0,2.0,0.0,0.0,1.0,0.0,0.0,0.0,0.0,0.0,8.0
937,500270.0,3.0,1.0,6.0,1.0,1.0,0.0,1.0,0.0,0.0,0.0,0.0,13.0
938,500830.0,1.0,0.0,0.0,0.0,0.0,0.0,1.0,0.0,0.0,0.0,0.0,2.0
939,510525.0,1.0,0.0,0.0,0.0,0.0,0.0,0.0,0.0,0.0,0.0,0.0,1.0
940,510619.0,1.0,0.0,0.0,0.0,0.0,0.0,0.0,0.0,0.0,0.0,0.0,1.0
941,510760.0,0.0,1.0,0.0,0.0,0.0,0.0,0.0,0.0,0.0,0.0,0.0,1.0
942,510792.0,1.0,0.0,0.0,0.0,0.0,0.0,0.0,0.0,0.0,0.0,0.0,1.0
943,520025.0,1.0,0.0,0.0,0.0,0.0,0.0,0.0,0.0,0.0,0.0,0.0,1.0
944,520060.0,0.0,0.0,0.0,0.0,1.0,0.0,0.0,0.0,0.0,0.0,0.0,1.0
945,520110.0,0.0,0.0,1.0,0.0,0.0,1.0,0.0,0.0,0.0,0.0,0.0,2.0
946,520140.0,3.0,0.0,1.0,0.0,0.0,0.0,0.0,0.0,0.0,0.0,0.0,4.0
947,520549.0,0.0,0.0,1.0,0.0,0.0,0.0,0.0,0.0,0.0,0.0,0.0,1.0
948,520620.0,1.0,0.0,0.0,0.0,0.0,0.0,0.0,0.0,0.0,0.0,0.0,1.0
949,520870.0,2.0,0.0,2.0,1.0,2.0,0.0,0.0,0.0,0.0,0.0,0.0,7.0
950,521210.0,1.0,0.0,0.0,0.0,0.0,0.0,0.0,0.0,0.0,0.0,0.0,1.0
951,521250.0,1.0,0.0,0.0,0.0,1.0,0.0,0.0,0.0,0.0,0.0,0.0,2.0
952,521830.0,0.0,0.0,0.0,1.0,0.0,0.0,0.0,0.0,0.0,0.0,0.0,1.0
953,521860.0,0.0,1.0,1.0,0.0,0.0,0.0,0.0,0.0,0.0,0.0,0.0,2.0
954,530010.0,1.0,4.0,13.0,1.0,2.0,1.0,0.0,0.0,0.0,0.0,0.0,22.0
