,ID_MN_RESI,NU_IDADE_N,p
1,110012.0,30.0,0.8095238095238095
3,110030.0,6.013888888888889,0.04981854173540101
4,110146.0,8.75,0.34693877551020413
5,120040.0,29.0,0.8029556650246306
6,130008.0,6.6,0.13419913419913432
9,130030.0,16.267857142857142,0.6487376509330407
10,130040.0,35.0,0.8367346938775511
11,130063.0,9.903846153846153,0.4230235783633842
12,130080.0,7.0,0.1836734693877553
13,130083.0,17.0,0.6638655462184875
15,130110.0,18.82658014900264,0.6964777634036506
16,130115.0,18.305555555555557,0.6878387166702797
17,130120.0,10.977124183006536,0.47943690724280197
18,130130.0,14.863095238095239,0.6155386463756509
20,130160.0,19.0,0.6992481203007519
21,130185.0,14.291666666666666,0.6001665972511454
22,130190.0,15.408661429894307,0.629151062843172
23,130200.0,42.0,0.8639455782312926
24,130220.0,15.430353687795062,0.629672408688497
26,130250.0,15.44894002143126,0.6301179429553954
27,130255.0,21.958333333333332,0.7397668744917323
28,130260.0,17.534427464567894,0.6741105048435334
29,130270.0,35.5,0.8390342052313884
30,130290.0,19.663888888888888,0.7094020543660323
31,130300.0,13.305555555555555,0.5705338502833284
33,130320.0,13.030303030303031,0.5614617940199337
34,130330.0,17.63888888888889,0.6760404949381328
35,130340.0,26.0,0.7802197802197802
36,130353.0,14.521929824561404,0.6065064503602711
37,130356.0,11.130030984996738,0.48658851696023486
38,130380.0,35.0,0.8367346938775511
41,130410.0,8.466666666666667,0.32508436445444333
42,130420.0,9.798245614035087,0.4168052180585753
43,130423.0,19.333333333333332,0.7044334975369458
44,130430.0,59.0,0.9031476997578692
46,140002.0,13.333333333333334,0.5714285714285715
47,140005.0,15.055555555555555,0.6204533473906169
48,140010.0,7.725198667978506,0.26030566204441696
49,140017.0,10.952380952380953,0.4782608695652174
52,140045.0,9.59119496855346,0.4042154566744731
53,140047.0,6.363095238095238,0.10196445275958854
54,140050.0,16.5,0.6536796536796536
55,150010.0,21.2905857223556,0.7316050488791587
56,150020.0,22.06111111111111,0.7409792423642839
57,150030.0,18.15,0.6851633215269579
58,150040.0,25.0,0.7714285714285715
60,150070.0,21.25,0.73109243697479
61,150080.0,20.473572461973593,0.720894547109495
62,150090.0,21.052405498281786,0.7285685137144023
63,150095.0,9.5,0.3984962406015039
64,150100.0,40.0,0.8571428571428572
65,150110.0,13.078947368421053,0.5630928427709112
67,150130.0,17.78205128205128,0.6786486764857349
68,150140.0,17.706939337359728,0.6772855203592871
69,150150.0,17.58040935672515,0.6749628749628751
70,150160.0,15.783333333333335,0.637954442600694
71,150170.0,21.025757575757577,0.728224503031738
72,150175.0,28.0,0.7959183673469388
73,150180.0,14.386925489694022,0.6028139772893726
74,150190.0,49.0,0.8833819241982508
75,150200.0,26.86771037181996,0.7873177269217883
76,150210.0,20.63888888888889,0.7231301672755239
77,150215.0,20.0,0.7142857142857143
78,150220.0,14.810606060606062,0.6141761052246987
79,150230.0,9.61111111111111,0.4054500412881916
80,150240.0,13.554232804232804,0.5784131941055919
81,150250.0,13.234848484848486,0.5682394308610681
82,150275.0,6.777777777777778,0.1569086651053866
83,150280.0,20.0,0.7142857142857143
84,150285.0,10.518518518518517,0.4567404426559356
85,150290.0,18.521929824561404,0.691485403064849
86,150300.0,21.0,0.7278911564625851
88,150307.0,7.75,0.2626728110599079
89,150309.0,26.895833333333332,0.787540112869315
91,150320.0,20.99074074074074,0.727771126094902
92,150330.0,18.5515873015873,0.6919786096256685
93,150340.0,11.2,0.48979591836734704
94,150345.0,20.0,0.7142857142857143
95,150350.0,17.0,0.6638655462184875
96,150360.0,7.0,0.1836734693877553
97,150370.0,9.0,0.3650793650793652
98,150375.0,31.979166666666664,0.821312238250349
99,150390.0,9.583333333333334,0.40372670807453426
100,150400.0,18.39530925695309,0.6893618022689225
101,150405.0,20.825854700854702,0.725615788817964
102,150420.0,17.156893004115226,0.6669393629187351
103,150430.0,35.5,0.8390342052313884
104,150442.0,17.54562383612663,0.6743184643842679
105,150450.0,12.780864197530864,0.5529030254941871
106,150460.0,22.602150537634408,0.7471795568845997
107,150470.0,20.23880184835808,0.7176569167927647
108,150475.0,63.0,0.909297052154195
109,150480.0,14.1625,0.5965199848694994
110,150490.0,23.359848484848484,0.7553800180685214
111,150495.0,26.0,0.7802197802197802
113,150506.0,19.99503842298697,0.7142148170259889
115,150520.0,20.5,0.7212543554006969
117,150550.0,13.03930817610063,0.5617646552169644
118,150553.0,12.284979423868313,0.5348558986445261
119,150570.0,20.11111111111111,0.7158642462509867
120,150580.0,13.369385342789597,0.5725842611479851
121,150590.0,13.5,0.5767195767195767
122,150600.0,14.975378787878787,0.6184212903575494
125,150620.0,24.425303696045493,0.7660505766726303
126,150630.0,35.0,0.8367346938775511
127,150635.0,19.462962962962962,0.7064020660595351
128,150640.0,19.83888888888889,0.7119654358523023
129,150650.0,19.076666666666668,0.7004568033748535
130,150655.0,26.0,0.7802197802197802
131,150660.0,9.1875,0.3780369290573373
132,150680.0,15.765151515151514,0.6375368984691425
135,150710.0,7.423059360730594,0.23019803067783884
136,150715.0,25.0,0.7714285714285715
137,150720.0,22.978070175438596,0.7513156818367737
139,150747.0,16.050862506341957,0.6439888690076371
140,150750.0,21.0,0.7278911564625851
141,150760.0,19.133333333333333,0.7013439522150324
142,150770.0,22.633333333333333,0.7475278771302336
143,150780.0,7.708333333333333,0.2586872586872587
144,150790.0,14.447916666666666,0.6044906787516737
145,150795.0,17.994345747716896,0.6824399289420824
147,150800.0,21.6,0.7354497354497356
148,150803.0,20.62121212121212,0.722892830901648
150,150812.0,18.333333333333332,0.6883116883116883
151,150820.0,14.666666666666666,0.6103896103896104
152,150830.0,22.86235238545111,0.7500569662323066
156,160021.0,14.458333333333334,0.604775627830383
157,160023.0,10.145833333333334,0.43678498093282503
159,160030.0,6.2252881794451245,0.08208494939184618
160,160040.0,7.559139784946237,0.24405608616134944
163,160060.0,6.1032864028411975,0.0637362664767619
164,160070.0,8.940476190476192,0.3608521970705727
168,210290.0,16.291666666666668,0.6492510047497261
172,211130.0,10.416666666666666,0.4514285714285715
173,211300.0,48.0,0.8809523809523809
174,220025.0,21.0,0.7278911564625851
177,220557.0,9.0,0.3650793650793652
179,220600.0,32.0,0.8214285714285714
181,220770.0,29.0,0.8029556650246306
183,220995.0,40.0,0.8571428571428572
184,221100.0,47.5,0.8796992481203008
185,230015.0,19.0,0.6992481203007519
187,230100.0,15.194444444444445,0.6239226952206843
189,230140.0,15.0,0.6190476190476191
194,230310.0,27.597222222222225,0.792939823136099
195,230370.0,11.307639145995312,0.4946526290318106
196,230400.0,6.285714285714286,0.09090909090909105
197,230420.0,46.0,0.8757763975155279
198,230428.0,20.333333333333332,0.7189695550351288
200,230435.0,24.52777777777778,0.767027988998544
201,230440.0,12.007360165513722,0.5241014148390681
202,230450.0,34.0,0.8319327731092437
203,230470.0,20.0,0.7142857142857143
204,230495.0,22.0,0.7402597402597403
206,230540.0,35.0,0.8367346938775511
207,230625.0,15.625,0.6342857142857143
211,230765.0,10.098958333333334,0.43417078022544775
212,230770.0,8.0,0.2857142857142858
213,230790.0,24.833333333333332,0.7698945349952061
214,230800.0,18.42883211678832,0.6899268668750795
215,230820.0,12.766666666666667,0.5524058187243568
219,231020.0,13.763888888888888,0.5848349430589592
221,231085.0,21.0,0.7278911564625851
223,231200.0,23.8,0.7599039615846339
225,231280.0,24.854166666666664,0.7700874146808766
226,231290.0,14.926706827309237,0.6171770652163469
227,231350.0,25.214285714285715,0.773371104815864
229,231380.0,16.824858757062145,0.6603664971697208
230,231390.0,17.0,0.6638655462184875
232,240130.0,10.0,0.4285714285714286
233,240325.0,16.979166666666668,0.6634531113058721
234,240710.0,6.0,0.04761904761904778
235,240810.0,29.0,0.8029556650246306
236,240940.0,34.0,0.8319327731092437
239,250150.0,38.0,0.849624060150376
240,250170.0,31.305555555555554,0.8174673596146533
241,250180.0,10.8,0.47089947089947104
243,250300.0,15.0,0.6190476190476191
244,250320.0,17.25,0.668737060041408
245,250330.0,24.0,0.761904761904762
248,250470.0,29.0,0.8029556650246306
254,250750.0,14.642708333333335,0.609752131627354
257,250890.0,9.0,0.3650793650793652
258,250980.0,8.0,0.2857142857142858
260,251315.0,23.0,0.7515527950310559
262,251370.0,9.5,0.3984962406015039
264,251500.0,38.0,0.849624060150376
265,251530.0,20.0,0.7142857142857143
266,251620.0,11.648148148148149,0.509425391778333
267,260005.0,6.447916666666667,0.11377798292176333
270,260120.0,23.0,0.7515527950310559
271,260170.0,9.0,0.3650793650793652
272,260190.0,9.5,0.3984962406015039
273,260200.0,14.0,0.5918367346938777
275,260260.0,17.069444444444446,0.6652330582354993
280,260380.0,16.333333333333332,0.6501457725947521
282,260400.0,13.516666666666666,0.5772415007926722
283,260410.0,14.145426425099425,0.596032983201809
286,260500.0,18.0,0.6825396825396826
289,260580.0,21.0,0.7278911564625851
291,260610.0,12.125,0.528718703976436
292,260620.0,16.471153846153847,0.6530731381869737
293,260640.0,19.944444444444443,0.7134898527656188
295,260680.0,20.6875,0.7237807509710834
297,260750.0,23.0,0.7515527950310559
298,260790.0,9.854166666666666,0.4201147689519783
299,260800.0,36.5,0.8434442270058709
300,260845.0,11.642857142857142,0.5092024539877301
301,260850.0,10.0,0.4285714285714286
305,260950.0,23.0,0.7515527950310559
306,260960.0,11.76923076923077,0.5144724556489264
309,261070.0,10.78888888888889,0.4703545681918495
310,261090.0,10.333333333333334,0.44700460829493094
313,261160.0,10.87410071942446,0.4745049855866925
315,261250.0,14.594262295081966,0.6084566935451519
316,261270.0,25.0,0.7714285714285715
317,261300.0,23.0,0.7515527950310559
320,261410.0,24.11111111111111,0.7630019749835418
321,261420.0,16.583333333333332,0.6554199569274947
322,261450.0,12.916666666666666,0.5576036866359447
323,261470.0,36.0,0.8412698412698413
324,261500.0,15.945121951219512,0.6416279704998635
325,261520.0,17.0,0.6638655462184875
327,261540.0,16.21333333333333,0.6475563909774436
330,261620.0,17.720588235294116,0.6775340841730884
336,270430.0,14.13525114155251,0.5957421868870949
339,270460.0,26.0,0.7802197802197802
340,270500.0,15.833333333333332,0.6390977443609023
341,270570.0,24.0,0.761904761904762
342,270600.0,28.666666666666668,0.8006644518272426
343,270630.0,18.0,0.6825396825396826
344,270710.0,10.0,0.4285714285714286
345,270800.0,11.777777777777779,0.5148247978436659
347,280030.0,20.833333333333332,0.7257142857142858
348,280050.0,79.0,0.9276672694394213
349,280210.0,23.0,0.7515527950310559
350,280350.0,34.0,0.8319327731092437
351,280580.0,24.0,0.761904761904762
352,280710.0,31.0,0.815668202764977
354,290135.0,39.5,0.8553345388788427
357,290360.0,28.0,0.7959183673469388
358,290540.0,16.5,0.6536796536796536
361,290650.0,7.0,0.1836734693877553
362,290820.0,18.0,0.6825396825396826
364,291080.0,17.86111111111111,0.6800710953121529
365,291120.0,12.277777777777779,0.5345830639948288
368,291360.0,26.333333333333332,0.783001808318264
369,291390.0,19.0,0.6992481203007519
370,291450.0,27.0,0.7883597883597884
372,291730.0,11.666666666666666,0.5102040816326532
373,291750.0,9.0,0.3650793650793652
374,291840.0,26.0,0.7802197802197802
375,291920.0,29.0,0.8029556650246306
376,291955.0,45.0,0.873015873015873
377,292200.0,11.0,0.48051948051948057
378,292350.0,39.0,0.8534798534798536
379,292380.0,42.0,0.8639455782312926
382,292575.0,15.625,0.6342857142857143
385,292740.0,15.801917808219178,0.6383802407000563
387,292870.0,50.0,0.8857142857142857
388,293050.0,20.0,0.7142857142857143
390,310150.0,17.0,0.6638655462184875
392,310530.0,23.0,0.7515527950310559
393,310560.0,19.0,0.6992481203007519
394,310620.0,13.227053140096618,0.5679849733903788
395,310670.0,16.716666666666665,0.6581683520865973
396,310730.0,29.0,0.8029556650246306
397,310830.0,11.0,0.48051948051948057
399,311050.0,23.0,0.7515527950310559
401,311450.0,28.0,0.7959183673469388
402,311530.0,18.5,0.6911196911196911
403,311660.0,46.0,0.8757763975155279
405,311830.0,19.666666666666668,0.7094430992736078
406,311860.0,25.0,0.7714285714285715
407,312230.0,46.0,0.8757763975155279
413,313240.0,22.0,0.7402597402597403
414,313300.0,26.0,0.7802197802197802
415,313380.0,20.0,0.7142857142857143
416,313440.0,6.0,0.04761904761904778
417,313670.0,23.4,0.7557997557997558
419,314160.0,52.25,0.8906356801093643
420,314220.0,27.0,0.7883597883597884
422,314390.0,11.5,0.5031055900621119
423,314480.0,22.333333333333332,0.744136460554371
429,314760.0,13.0,0.5604395604395604
431,314910.0,32.0,0.8214285714285714
434,315170.0,11.0,0.48051948051948057
435,315180.0,10.916666666666666,0.47655398037077434
436,315250.0,24.125,0.7631384159881569
438,315460.0,7.291666666666667,0.21632653061224494
441,315670.0,13.0,0.5604395604395604
444,315990.0,6.875,0.168831168831169
445,316250.0,18.666666666666668,0.6938775510204083
448,316470.0,19.0,0.6992481203007519
449,316720.0,42.0,0.8639455782312926
451,316930.0,20.0,0.7142857142857143
453,316990.0,33.0,0.8268398268398268
454,317020.0,14.91,0.6167481076937817
455,317040.0,20.0,0.7142857142857143
459,320020.0,18.0,0.6825396825396826
460,320130.0,9.791666666666666,0.4164133738601824
461,320270.0,21.0,0.7278911564625851
462,320530.0,35.5,0.8390342052313884
464,330020.0,18.0,0.6825396825396826
465,330023.0,18.0,0.6825396825396826
466,330030.0,46.0,0.8757763975155279
468,330070.0,19.0,0.6992481203007519
470,330095.0,59.0,0.9031476997578692
471,330130.0,62.0,0.9078341013824884
474,330190.0,13.525,0.5775019804594668
475,330200.0,20.25,0.7178130511463845
476,330220.0,19.0,0.6992481203007519
477,330227.0,11.166666666666666,0.488272921108742
478,330240.0,24.697916666666668,0.768632885461228
479,330250.0,7.786585365853658,0.26613715180668984
480,330270.0,19.0,0.6992481203007519
481,330280.0,20.0,0.7142857142857143
482,330285.0,14.022222222222222,0.592483586144442
483,330320.0,8.602564102564104,0.3357462209921228
484,330330.0,22.833333333333332,0.7497393117831075
485,330340.0,24.949561403508774,0.7709664862692902
486,330350.0,11.02818963201719,0.48184734712069854
487,330380.0,18.21794871794872,0.6863375892228814
488,330385.0,20.5,0.7212543554006969
489,330390.0,24.21212121212121,0.7639907026640443
490,330411.0,20.0,0.7142857142857143
492,330420.0,19.0,0.6992481203007519
493,330430.0,26.666666666666668,0.7857142857142858
494,330450.0,24.0,0.761904761904762
495,330452.0,19.0,0.6992481203007519
496,330455.0,21.113458535866844,0.7293534024954522
497,330490.0,14.698198198198199,0.6112254279584958
498,330510.0,9.271067879206479,0.38364320176083044
500,330550.0,20.0,0.7142857142857143
501,330555.0,26.0,0.7802197802197802
502,330575.0,21.0,0.7278911564625851
503,330580.0,22.066666666666666,0.7410444540353907
504,330610.0,21.076923076923077,0.7288842544316998
505,330630.0,19.25,0.7031539888682746
507,350030.0,19.0,0.6992481203007519
508,350050.0,20.0,0.7142857142857143
509,350070.0,13.116666666666665,0.5643492466872391
512,350160.0,30.3,0.8114097123998114
516,350240.0,14.0,0.5918367346938777
517,350250.0,37.5,0.8476190476190476
518,350275.0,10.19047619047619,0.4392523364485982
519,350280.0,9.380208333333334,0.3908146267946381
522,350330.0,18.977777777777778,0.6988959518233523
523,350380.0,18.458333333333332,0.690422444372783
524,350390.0,19.677304964539008,0.7096001853615839
526,350410.0,14.027173913043478,0.5926274422981126
527,350420.0,33.0,0.8268398268398268
528,350430.0,17.0,0.6638655462184875
529,350450.0,8.0,0.2857142857142858
531,350520.0,29.5,0.8062953995157385
532,350530.0,17.0,0.6638655462184875
534,350560.0,9.555555555555555,0.40199335548172765
535,350570.0,18.164763563191705,0.6854192076650589
537,350600.0,19.719961240310077,0.7102283496072499
538,350610.0,25.333333333333332,0.7744360902255639
539,350635.0,16.962121212121215,0.6631149109934282
540,350650.0,28.916666666666668,0.8023878139151914
541,350660.0,16.277777777777775,0.6489517308629936
543,350710.0,13.510416666666666,0.5770459301685208
544,350750.0,31.638888888888886,0.8193904427442619
545,350760.0,14.119791666666666,0.5952995731675186
548,350840.0,27.333333333333332,0.7909407665505226
549,350850.0,13.06712962962963,0.5626977097304822
552,350900.0,19.362280701754386,0.7048753810408321
553,350920.0,19.727083333333333,0.7103329662205995
554,350925.0,11.6,0.5073891625615764
555,350930.0,79.0,0.9276672694394213
557,350950.0,15.063795853269538,0.6206609695228011
558,350960.0,18.482905982905983,0.6908340214698596
559,350970.0,12.366666666666667,0.5379283788987295
560,351000.0,13.523809523809522,0.5774647887323944
561,351020.0,17.5,0.6734693877551021
563,351050.0,13.991666666666665,0.5915936356674891
564,351060.0,18.52953369309534,0.6916120065981461
565,351110.0,12.263888888888888,0.5340559779970878
566,351150.0,17.85,0.6798719487795118
567,351160.0,17.805555555555554,0.6790728772008023
572,351280.0,14.75,0.6125907990314771
573,351300.0,18.522578057509566,0.6914962001216141
574,351310.0,19.8,0.7113997113997115
575,351340.0,17.427083333333332,0.6721031508837845
576,351350.0,10.954861111111112,0.47837899026488584
577,351380.0,18.620833333333334,0.693124060991593
578,351390.0,37.888888888888886,0.8491830749895266
580,351430.0,28.0,0.7959183673469388
581,351440.0,22.0,0.7402597402597403
582,351450.0,16.5,0.6536796536796536
583,351480.0,17.0,0.6638655462184875
584,351500.0,15.669444444444444,0.6353230177020286
585,351510.0,16.127450980392158,0.6456795484151108
588,351550.0,11.4575,0.5012624294753905
589,351570.0,20.69871794871795,0.7239304517099501
590,351600.0,19.0,0.6992481203007519
591,351620.0,24.676666666666666,0.7684336465911503
592,351630.0,19.284176823787437,0.7036800810062568
593,351640.0,20.40168029064487,0.7199110253234395
595,351670.0,16.714285714285715,0.6581196581196582
596,351690.0,28.0,0.7959183673469388
598,351730.0,42.0,0.8639455782312926
603,351830.0,6.6313131313131315,0.13828745511913842
604,351840.0,17.333333333333332,0.6703296703296704
605,351860.0,17.666666666666668,0.6765498652291106
606,351870.0,10.443910256410257,0.4528595541331464
607,351880.0,18.10408116963757,0.6843647760556241
608,351905.0,26.0,0.7802197802197802
609,351907.0,9.0,0.3650793650793652
611,351930.0,23.0,0.7515527950310559
613,351950.0,28.0,0.7959183673469388
614,351960.0,20.75,0.7246127366609294
615,351970.0,27.0,0.7883597883597884
618,352020.0,21.5,0.7342192691029901
619,352040.0,25.5,0.7759103641456583
621,352050.0,10.87037037037037,0.47432465320029205
622,352090.0,16.0,0.6428571428571429
624,352210.0,12.4375,0.540559942569993
625,352220.0,15.156224095539164,0.6229743187838214
626,352230.0,13.01,0.5607774239595916
627,352240.0,14.0,0.5918367346938777
628,352250.0,13.038596491228072,0.5617407350453638
629,352260.0,32.333333333333336,0.8232695139911635
631,352280.0,50.0,0.8857142857142857
633,352310.0,15.927644521450357,0.6412347282995882
634,352330.0,19.0,0.6992481203007519
635,352340.0,17.741666666666667,0.6779171978796216
636,352360.0,38.0,0.849624060150376
637,352380.0,24.0,0.761904761904762
638,352390.0,10.47872340425532,0.4546773023930385
639,352400.0,10.0,0.4285714285714286
641,352430.0,19.25,0.7031539888682746
642,352440.0,22.011111111111113,0.7403908559890388
645,352480.0,19.0,0.6992481203007519
646,352500.0,18.654761904761905,0.6936821952776006
647,352510.0,17.0,0.6638655462184875
649,352530.0,19.9875,0.714107031180202
650,352550.0,21.154761904761905,0.7298818232976928
651,352560.0,20.0,0.7142857142857143
653,352580.0,14.0,0.5918367346938777
654,352585.0,22.0,0.7402597402597403
655,352590.0,20.217514124293785,0.7173596279366854
656,352600.0,11.9375,0.5213163799551235
658,352620.0,17.333333333333332,0.6703296703296704
659,352640.0,23.0,0.7515527950310559
661,352670.0,22.183333333333334,0.7424063539766019
662,352690.0,11.31635802469136,0.49504198242777275
664,352720.0,19.984848484848484,0.7140690999675079
665,352730.0,11.75,0.5136778115501521
666,352740.0,24.5,0.7667638483965015
667,352760.0,22.972222222222225,0.7512523751943341
669,352840.0,8.046296296296298,0.2898240999506825
670,352850.0,16.22222222222222,0.6477495107632094
672,352900.0,11.765151515151516,0.5143041118572349
673,352930.0,26.0,0.7802197802197802
674,352940.0,18.25,0.6868884540117417
676,353010.0,6.0,0.04761904761904778
677,353030.0,10.46111111111111,0.45375919884682503
678,353040.0,17.0,0.6638655462184875
679,353050.0,34.0,0.8319327731092437
680,353060.0,18.238357476512885,0.6866885780890908
681,353070.0,11.07051282051282,0.48382827363719083
683,353110.0,18.23913043478261,0.6867018559509621
684,353120.0,20.0,0.7142857142857143
685,353130.0,50.0,0.8857142857142857
687,353180.0,26.944444444444446,0.7879234167893963
690,353240.0,24.666666666666668,0.7683397683397684
691,353260.0,53.0,0.8921832884097035
694,353340.0,10.708333333333334,0.4663702056698166
695,353360.0,8.0,0.2857142857142858
696,353390.0,15.0,0.6190476190476191
697,353410.0,27.0,0.7883597883597884
698,353440.0,19.44354110207769,0.706108795497385
700,353470.0,15.711805555555555,0.6363062352012628
701,353490.0,29.0,0.8029556650246306
705,353600.0,10.0,0.4285714285714286
707,353650.0,10.626436781609197,0.4622575909758172
708,353670.0,12.229166666666668,0.5327330250669264
709,353680.0,12.333333333333334,0.5366795366795367
710,353710.0,25.0,0.7714285714285715
711,353720.0,18.0,0.6825396825396826
712,353730.0,11.458333333333334,0.5012987012987014
714,353760.0,10.039855072463768,0.43083982059081305
715,353780.0,9.777777777777779,0.4155844155844157
716,353790.0,40.0,0.8571428571428572
717,353800.0,15.73076923076923,0.6367446734194901
718,353860.0,24.333333333333332,0.7651663405088063
719,353870.0,9.818181818181818,0.41798941798941813
721,353890.0,6.333333333333333,0.09774436090225569
722,353910.0,22.527777777777782,0.7463449004756034
723,353930.0,21.8125,0.7380270159639788
724,353940.0,11.5,0.5031055900621119
725,353980.0,20.283602150537632,0.7182805267093916
726,354020.0,7.875,0.2743764172335602
727,354060.0,18.666666666666668,0.6938775510204083
728,354070.0,9.25,0.38223938223938225
731,354090.0,13.333333333333334,0.5714285714285715
732,354100.0,20.717905405405407,0.7241861277735717
733,354130.0,22.0,0.7402597402597403
734,354140.0,19.283333333333335,0.7036671193974566
735,354150.0,12.0,0.523809523809524
736,354160.0,19.0,0.6992481203007519
737,354200.0,8.0,0.2857142857142858
738,354220.0,37.0,0.8455598455598455
739,354240.0,13.0,0.5604395604395604
740,354260.0,16.479166666666668,0.6532418277045332
741,354320.0,7.0,0.1836734693877553
742,354330.0,18.78853046594982,0.6958630838829236
743,354340.0,17.115461847389557,0.6661331277392755
745,354390.0,16.947916666666668,0.6628325577311441
746,354410.0,16.881818181818183,0.661512424032618
752,354520.0,9.871212121212123,0.4211161056901658
754,354540.0,16.666666666666668,0.6571428571428573
755,354560.0,19.75,0.7106690777576854
756,354580.0,26.01388888888889,0.7803371215010297
757,354640.0,10.0,0.4285714285714286
759,354680.0,18.615384615384617,0.693034238488784
760,354730.0,15.095238095238095,0.6214511041009464
761,354780.0,19.61425702811245,0.7086667261423351
763,354850.0,23.312214611872147,0.7548801857985806
764,354870.0,18.71992924528302,0.6947485410114155
765,354880.0,21.67251461988304,0.7363349009328501
766,354890.0,18.7421875,0.6951110581790032
767,354910.0,18.726190476190478,0.6948506039415131
768,354940.0,10.0,0.4285714285714286
769,354950.0,33.5,0.8294243070362474
770,354970.0,29.444444444444443,0.8059299191374664
771,354980.0,8.471111111111112,0.32543846499775164
772,354990.0,15.161931818181818,0.6231162504349689
773,355030.0,18.71508454260899,0.6946695217285346
775,355060.0,6.921296296296296,0.1743908265647397
776,355070.0,11.484375,0.5024295432458699
777,355080.0,22.5,0.746031746031746
778,355100.0,19.253731343283583,0.7032115171650055
780,355150.0,23.0,0.7515527950310559
781,355160.0,15.149122807017543,0.6227975845810241
782,355170.0,13.548611111111109,0.5782382660906494
783,355210.0,30.5,0.8126463700234192
784,355220.0,13.123493975903614,0.5645758877340241
785,355240.0,10.196428571428571,0.4395796847635728
786,355250.0,20.3218085106383,0.7188101781741358
788,355280.0,17.82948717948718,0.6795036415371499
793,355400.0,7.283333333333334,0.21542987904543998
794,355410.0,10.424479166666666,0.4518396916598266
797,355480.0,10.158333333333333,0.4374780264854097
800,355530.0,41.0,0.8606271777003485
801,355540.0,14.133333333333331,0.5956873315363882
804,355600.0,27.0,0.7883597883597884
805,355610.0,24.666666666666668,0.7683397683397684
806,355620.0,17.51149425287356,0.6736837170050167
807,355630.0,29.5,0.8062953995157385
808,355640.0,23.225,0.7539597109026603
809,355645.0,9.666666666666668,0.4088669950738918
810,355650.0,17.697916666666668,0.6771209955435971
811,355670.0,14.729166666666666,0.612042836936755
813,355700.0,7.87037037037037,0.2739495798319328
814,355710.0,10.30864197530864,0.44568006843455943
816,410040.0,23.172101449275363,0.753398036565889
817,410120.0,36.0,0.8412698412698413
818,410180.0,22.57894736842105,0.7469197469197469
819,410230.0,17.458333333333332,0.6726900784180021
820,410400.0,18.0,0.6825396825396826
821,410410.0,26.0,0.7802197802197802
822,410420.0,19.477272727272727,0.7066177696282714
823,410425.0,26.25,0.782312925170068
824,410430.0,28.0,0.7959183673469388
825,410470.0,25.0,0.7714285714285715
826,410490.0,15.0,0.6190476190476191
827,410550.0,22.0,0.7402597402597403
828,410580.0,22.073611111111113,0.7411259224636184
829,410680.0,19.0,0.6992481203007519
830,410690.0,24.377307692307692,0.7655899582344416
831,410765.0,24.852564102564102,0.7700725892626847
832,410832.0,18.0,0.6825396825396826
833,410840.0,14.0,0.5918367346938777
834,410850.0,19.0,0.6992481203007519
836,410940.0,35.333333333333336,0.8382749326145553
837,410960.0,27.666666666666668,0.7934595524956971
839,411020.0,22.0,0.7402597402597403
840,411070.0,19.989583333333332,0.7141368272165562
841,411125.0,19.0,0.6992481203007519
842,411180.0,17.875,0.6803196803196804
843,411210.0,25.0,0.7714285714285715
844,411320.0,25.5,0.7759103641456583
845,411370.0,22.25,0.7431781701444623
846,411390.0,12.666666666666666,0.5488721804511278
847,411460.0,22.0,0.7402597402597403
849,411520.0,25.0,0.7714285714285715
850,411570.0,40.0,0.8571428571428572
853,411800.0,59.0,0.9031476997578692
854,411820.0,17.357142857142858,0.6707818930041153
855,411860.0,18.333333333333332,0.6883116883116883
856,411915.0,24.345,0.7652788780330371
857,411950.0,24.674242424242426,0.7684108952147024
858,411990.0,27.0,0.7883597883597884
859,411995.0,52.0,0.8901098901098901
860,412080.0,21.125,0.7295012679628065
862,412220.0,18.444444444444443,0.6901893287435457
863,412240.0,29.0,0.8029556650246306
864,412350.0,20.0,0.7142857142857143
865,412550.0,21.702156265854896,0.7366950249420012
866,412560.0,19.0,0.6992481203007519
867,412625.0,19.813698630136987,0.7115992414664982
868,412770.0,24.666666666666668,0.7683397683397684
870,412820.0,21.416666666666668,0.7331851028349083
871,420075.0,21.0,0.7278911564625851
872,420130.0,19.666666666666668,0.7094430992736078
873,420200.0,25.0,0.7714285714285715
875,420240.0,25.0,0.7714285714285715
876,420290.0,9.5,0.3984962406015039
877,420300.0,24.0,0.761904761904762
878,420380.0,17.383333333333333,0.6712779071360089
879,420420.0,22.0,0.7402597402597403
880,420430.0,20.529411764705884,0.7216537044617275
881,420540.0,23.30919003115265,0.7548483792594856
882,420590.0,26.0,0.7802197802197802
884,420630.0,24.0,0.761904761904762
885,420650.0,30.5,0.8126463700234192
886,420730.0,22.0,0.7402597402597403
887,420750.0,23.0,0.7515527950310559
888,420800.0,18.0,0.6825396825396826
889,420845.0,18.305555555555554,0.6878387166702796
890,420860.0,19.0,0.6992481203007519
891,420890.0,27.066666666666666,0.788881069669247
892,420910.0,22.165787134933037,0.742202445620347
893,421010.0,23.333333333333332,0.7551020408163266
894,421050.0,25.0,0.7714285714285715
895,421090.0,18.0,0.6825396825396826
896,421110.0,29.0,0.8029556650246306
897,421190.0,25.11111111111111,0.7724399494311
898,421260.0,21.5,0.7342192691029901
899,421280.0,31.0,0.815668202764977
900,421320.0,23.0,0.7515527950310559
901,421360.0,20.899558599695585,0.7265834258160387
902,421390.0,8.0,0.2857142857142858
903,421470.0,22.0,0.7402597402597403
904,421580.0,27.142857142857142,0.7894736842105263
905,421620.0,18.5,0.6911196911196911
906,421630.0,10.833333333333334,0.4725274725274726
907,421660.0,21.142857142857142,0.7297297297297298
908,421740.0,20.712962962962965,0.7241203141963088
909,421750.0,15.75,0.6371882086167802
910,421830.0,52.0,0.8901098901098901
911,421870.0,20.483333333333334,0.7210275485295827
912,421917.0,18.0,0.6825396825396826
913,421930.0,21.0,0.7278911564625851
914,430060.0,11.263888888888888,0.4926898009512066
915,430160.0,48.0,0.8809523809523809
916,430210.0,16.683333333333334,0.6574853717710861
917,430310.0,12.863636363636363,0.5557799091367996
918,430460.0,30.428571428571427,0.812206572769953
919,430463.0,43.0,0.867109634551495
920,430470.0,18.0,0.6825396825396826
921,430485.0,18.0,0.6825396825396826
922,430640.0,21.0,0.7278911564625851
923,430770.0,13.666666666666668,0.5818815331010454
924,430920.0,12.881152968036528,0.5563839876395209
925,431020.0,27.5,0.7922077922077922
926,431130.0,17.0,0.6638655462184875
927,431490.0,23.732222222222223,0.7592182619571543
928,431760.0,27.0,0.7883597883597884
929,431870.0,21.104166666666668,0.7292342405866592
931,432000.0,20.11111111111111,0.7158642462509867
932,432160.0,22.63888888888889,0.747589833479404
933,432195.0,17.5,0.6734693877551021
934,432240.0,26.0,0.7802197802197802
935,432250.0,29.0,0.8029556650246306
936,432300.0,10.270833333333334,0.44363952477542745
937,500270.0,23.87820512820513,0.7606903163950144
938,500830.0,26.458333333333332,0.7840269966254219
941,510760.0,15.0,0.6190476190476191
944,520060.0,40.0,0.8571428571428572
945,520110.0,14.0,0.5918367346938777
946,520140.0,6.520833333333333,0.12368781378366056
947,520549.0,25.0,0.7714285714285715
949,520870.0,23.083333333333332,0.7524497163486333
951,521250.0,25.5,0.7759103641456583
952,521830.0,36.0,0.8412698412698413
953,521860.0,23.0,0.7515527950310559
954,530010.0,22.363636363636363,0.7444831591173056
